date,day,type,amount,description
2025-01-02,1,COST,300,Daily Overheads
2025-01-02,1,COST,4080,Daily Wages
2025-01-02,1,COST,12000,Reordered 10 m³ of Tasmanian Oak
2025-01-03,2,COST,300,Daily Overheads
2025-01-03,2,COST,4080,Daily Wages
2025-01-04,3,COST,300,Daily Overheads
2025-01-04,3,COST,4080,Daily Wages
2025-01-04,3,REVENUE,4938.461538461539,Deposit for #105
2025-01-05,4,COST,300,Daily Overheads
2025-01-05,4,COST,4080,Daily Wages
2025-01-06,5,COST,300,Daily Overheads
2025-01-06,5,COST,4080,Daily Wages
2025-01-06,5,REVENUE,6496.153846153846,Deposit for #108
2025-01-06,5,REVENUE,4938.461538461539,Deposit for #109
2025-01-07,6,COST,300,Daily Overheads
2025-01-07,6,COST,4080,Daily Wages
2025-01-07,6,REVENUE,5630.7692307692305,Deposit for #110
2025-01-08,7,COST,300,Daily Overheads
2025-01-08,7,COST,4080,Daily Wages
2025-01-08,7,REVENUE,5238.461538461539,Deposit for #113
2025-01-08,7,COST,20000,Reordered 8 m³ of American Walnut
2025-01-09,8,COST,300,Daily Overheads
2025-01-09,8,COST,4080,Daily Wages
2025-01-10,9,COST,300,Daily Overheads
2025-01-10,9,COST,4080,Daily Wages
2025-01-10,9,COST,11200,Reordered 8 m³ of Victorian Ash
2025-01-11,10,COST,300,Daily Overheads
2025-01-11,10,COST,4080,Daily Wages
2025-01-12,11,COST,300,Daily Overheads
2025-01-12,11,COST,4080,Daily Wages
2025-01-12,11,REVENUE,4846.153846153846,Deposit for #119
2025-01-13,12,COST,300,Daily Overheads
2025-01-13,12,COST,4080,Daily Wages
2025-01-13,12,REVENUE,6888.461538461539,Deposit for #120
2025-01-13,12,REVENUE,6103.846153846154,Deposit for #121
2025-01-14,13,COST,300,Daily Overheads
2025-01-14,13,COST,4080,Daily Wages
2025-01-14,13,REVENUE,4938.461538461539,Final payment for #105
2025-01-15,14,COST,300,Daily Overheads
2025-01-15,14,COST,4080,Daily Wages
2025-01-15,14,REVENUE,6103.846153846154,Deposit for #123
2025-01-16,15,COST,300,Daily Overheads
2025-01-16,15,COST,4080,Daily Wages
2025-01-16,15,REVENUE,6496.153846153846,Final payment for #108
2025-01-16,15,REVENUE,4938.461538461539,Final payment for #109
2025-01-17,16,COST,300,Daily Overheads
2025-01-17,16,COST,4080,Daily Wages
2025-01-18,17,COST,300,Daily Overheads
2025-01-18,17,COST,4080,Daily Wages
2025-01-18,17,REVENUE,5330.7692307692305,Deposit for #129
2025-01-19,18,COST,300,Daily Overheads
2025-01-19,18,COST,4080,Daily Wages
2025-01-19,18,REVENUE,4546.153846153846,Deposit for #130
2025-01-19,18,REVENUE,5238.461538461539,Final payment for #113
2025-01-20,19,COST,300,Daily Overheads
2025-01-20,19,COST,4080,Daily Wages
2025-01-21,20,COST,300,Daily Overheads
2025-01-21,20,COST,4080,Daily Wages
2025-01-21,20,REVENUE,5630.7692307692305,Final payment for #110
2025-01-22,21,COST,300,Daily Overheads
2025-01-22,21,COST,4080,Daily Wages
2025-01-22,21,REVENUE,4846.153846153846,Final payment for #119
2025-01-22,21,REVENUE,6103.846153846154,Final payment for #121
2025-01-23,22,COST,300,Daily Overheads
2025-01-23,22,COST,4080,Daily Wages
2025-01-24,23,COST,300,Daily Overheads
2025-01-24,23,COST,4080,Daily Wages
2025-01-24,23,REVENUE,6888.461538461539,Final payment for #120
2025-01-24,23,REVENUE,6103.846153846154,Final payment for #123
2025-01-25,24,COST,300,Daily Overheads
2025-01-25,24,COST,4080,Daily Wages
2025-01-25,24,REVENUE,3836.538461538462,Deposit for #139
2025-01-26,25,COST,300,Daily Overheads
2025-01-26,25,COST,4080,Daily Wages
2025-01-26,25,REVENUE,6023.076923076924,Deposit for #140
2025-01-27,26,COST,300,Daily Overheads
2025-01-27,26,COST,4080,Daily Wages
2025-01-28,27,COST,300,Daily Overheads
2025-01-28,27,COST,4080,Daily Wages
2025-01-29,28,COST,300,Daily Overheads
2025-01-29,28,COST,4080,Daily Wages
2025-01-30,29,COST,300,Daily Overheads
2025-01-30,29,COST,4080,Daily Wages
2025-01-30,29,REVENUE,5630.7692307692305,Deposit for #144
2025-01-30,29,REVENUE,4546.153846153846,Final payment for #130
2025-01-31,30,COST,300,Daily Overheads
2025-01-31,30,COST,4080,Daily Wages
2025-02-01,31,COST,300,Daily Overheads
2025-02-01,31,COST,4080,Daily Wages
2025-02-01,31,REVENUE,7280.7692307692305,Deposit for #147
2025-02-01,31,REVENUE,5330.7692307692305,Final payment for #129
2025-02-02,32,COST,300,Daily Overheads
2025-02-02,32,COST,4080,Daily Wages
2025-02-02,32,REVENUE,3836.538461538462,Final payment for #139
2025-02-02,32,COST,11200,Reordered 8 m³ of Victorian Ash
2025-02-03,33,COST,300,Daily Overheads
2025-02-03,33,COST,4080,Daily Wages
2025-02-03,33,REVENUE,7280.7692307692305,Deposit for #149
2025-02-04,34,COST,300,Daily Overheads
2025-02-04,34,COST,4080,Daily Wages
2025-02-04,34,COST,20000,Reordered 8 m³ of American Walnut
2025-02-05,35,COST,300,Daily Overheads
2025-02-05,35,COST,4080,Daily Wages
2025-02-06,36,COST,300,Daily Overheads
2025-02-06,36,COST,4080,Daily Wages
2025-02-07,37,COST,300,Daily Overheads
2025-02-07,37,COST,4080,Daily Wages
2025-02-07,37,REVENUE,6103.846153846154,Deposit for #154
2025-02-07,37,REVENUE,5330.7692307692305,Deposit for #155
2025-02-08,38,COST,300,Daily Overheads
2025-02-08,38,COST,4080,Daily Wages
2025-02-08,38,REVENUE,6496.153846153846,Deposit for #156
2025-02-09,39,COST,300,Daily Overheads
2025-02-09,39,COST,4080,Daily Wages
2025-02-09,39,REVENUE,6023.076923076924,Final payment for #140
2025-02-10,40,COST,300,Daily Overheads
2025-02-10,40,COST,4080,Daily Wages
2025-02-10,40,REVENUE,5630.7692307692305,Deposit for #160
2025-02-10,40,COST,12000,Reordered 10 m³ of Tasmanian Oak
2025-02-11,41,COST,300,Daily Overheads
2025-02-11,41,COST,4080,Daily Wages
2025-02-12,42,COST,300,Daily Overheads
2025-02-12,42,COST,4080,Daily Wages
2025-02-13,43,COST,300,Daily Overheads
2025-02-13,43,COST,4080,Daily Wages
2025-02-13,43,REVENUE,5238.461538461539,Deposit for #164
2025-02-14,44,COST,300,Daily Overheads
2025-02-14,44,COST,4080,Daily Wages
2025-02-14,44,REVENUE,6496.153846153846,Deposit for #165
2025-02-15,45,COST,300,Daily Overheads
2025-02-15,45,COST,4080,Daily Wages
2025-02-15,45,REVENUE,5630.7692307692305,Deposit for #167
2025-02-15,45,REVENUE,5630.7692307692305,Final payment for #144
2025-02-15,45,REVENUE,7280.7692307692305,Final payment for #147
2025-02-16,46,COST,300,Daily Overheads
2025-02-16,46,COST,4080,Daily Wages
2025-02-16,46,REVENUE,6103.846153846154,Final payment for #154
2025-02-17,47,COST,300,Daily Overheads
2025-02-17,47,COST,4080,Daily Wages
2025-02-18,48,COST,300,Daily Overheads
2025-02-18,48,COST,4080,Daily Wages
2025-02-18,48,COST,20000,Reordered 8 m³ of American Walnut
2025-02-18,48,COST,11200,Reordered 8 m³ of Victorian Ash
2025-02-19,49,COST,300,Daily Overheads
2025-02-19,49,COST,4080,Daily Wages
2025-02-19,49,REVENUE,7280.7692307692305,Final payment for #149
2025-02-20,50,COST,300,Daily Overheads
2025-02-20,50,COST,4080,Daily Wages
2025-02-20,50,REVENUE,5630.7692307692305,Deposit for #174
2025-02-20,50,REVENUE,6496.153846153846,Final payment for #156
2025-02-21,51,COST,300,Daily Overheads
2025-02-21,51,COST,4080,Daily Wages
2025-02-21,51,REVENUE,4453.846153846154,Deposit for #176
2025-02-21,51,REVENUE,5330.7692307692305,Final payment for #155
2025-02-22,52,COST,300,Daily Overheads
2025-02-22,52,COST,4080,Daily Wages
2025-02-22,52,REVENUE,5630.7692307692305,Deposit for #177
2025-02-23,53,COST,300,Daily Overheads
2025-02-23,53,COST,4080,Daily Wages
2025-02-23,53,REVENUE,6023.076923076924,Deposit for #180
2025-02-23,53,REVENUE,5238.461538461539,Final payment for #164
2025-02-24,54,COST,300,Daily Overheads
2025-02-24,54,COST,4080,Daily Wages
2025-02-25,55,COST,300,Daily Overheads
2025-02-25,55,COST,4080,Daily Wages
2025-02-25,55,REVENUE,4453.846153846154,Deposit for #183
2025-02-25,55,REVENUE,5630.7692307692305,Final payment for #160
2025-02-26,56,COST,300,Daily Overheads
2025-02-26,56,COST,4080,Daily Wages
2025-02-26,56,COST,11200,Reordered 8 m³ of Victorian Ash
2025-02-27,57,COST,300,Daily Overheads
2025-02-27,57,COST,4080,Daily Wages
2025-02-27,57,REVENUE,6023.076923076924,Deposit for #185
2025-02-27,57,REVENUE,6496.153846153846,Final payment for #165
2025-02-28,58,COST,300,Daily Overheads
2025-02-28,58,COST,4080,Daily Wages
2025-03-01,59,COST,300,Daily Overheads
2025-03-01,59,COST,4080,Daily Wages
2025-03-01,59,REVENUE,6103.846153846154,Deposit for #187
2025-03-02,60,COST,300,Daily Overheads
2025-03-02,60,COST,4080,Daily Wages
2025-03-02,60,REVENUE,4846.153846153846,Deposit for #189
2025-03-02,60,REVENUE,5238.461538461539,Deposit for #190
2025-03-02,60,REVENUE,5630.7692307692305,Final payment for #167
2025-03-02,60,REVENUE,4453.846153846154,Final payment for #176
2025-03-03,61,COST,300,Daily Overheads
2025-03-03,61,COST,4080,Daily Wages
2025-03-04,62,COST,300,Daily Overheads
2025-03-04,62,COST,4080,Daily Wages
2025-03-04,62,REVENUE,6103.846153846154,Deposit for #193
2025-03-04,62,COST,11200,Reordered 8 m³ of Victorian Ash
2025-03-05,63,COST,300,Daily Overheads
2025-03-05,63,COST,4080,Daily Wages
2025-03-05,63,REVENUE,4546.153846153846,Deposit for #194
2025-03-05,63,REVENUE,7015.384615384615,Deposit for #195
2025-03-06,64,COST,300,Daily Overheads
2025-03-06,64,COST,4080,Daily Wages
2025-03-06,64,REVENUE,4938.461538461539,Deposit for #197
2025-03-06,64,REVENUE,5630.7692307692305,Final payment for #174
2025-03-06,64,REVENUE,4453.846153846154,Final payment for #183
2025-03-07,65,COST,300,Daily Overheads
2025-03-07,65,COST,4080,Daily Wages
2025-03-07,65,REVENUE,6496.153846153846,Deposit for #198
2025-03-08,66,COST,300,Daily Overheads
2025-03-08,66,COST,4080,Daily Wages
2025-03-08,66,REVENUE,4938.461538461539,Deposit for #200
2025-03-08,66,REVENUE,5630.7692307692305,Final payment for #177
2025-03-09,67,COST,300,Daily Overheads
2025-03-09,67,COST,4080,Daily Wages
2025-03-10,68,COST,300,Daily Overheads
2025-03-10,68,COST,4080,Daily Wages
2025-03-10,68,REVENUE,6023.076923076924,Final payment for #180
2025-03-10,68,REVENUE,6103.846153846154,Final payment for #187
2025-03-11,69,COST,300,Daily Overheads
2025-03-11,69,COST,4080,Daily Wages
2025-03-12,70,COST,300,Daily Overheads
2025-03-12,70,COST,4080,Daily Wages
2025-03-13,71,COST,300,Daily Overheads
2025-03-13,71,COST,4080,Daily Wages
2025-03-13,71,REVENUE,6023.076923076924,Final payment for #185
2025-03-13,71,REVENUE,4846.153846153846,Final payment for #189
2025-03-13,71,REVENUE,6103.846153846154,Final payment for #193
2025-03-14,72,COST,300,Daily Overheads
2025-03-14,72,COST,4080,Daily Wages
2025-03-14,72,REVENUE,6496.153846153846,Deposit for #209
2025-03-14,72,REVENUE,6496.153846153846,Deposit for #210
2025-03-14,72,REVENUE,5238.461538461539,Final payment for #190
2025-03-15,73,COST,300,Daily Overheads
2025-03-15,73,COST,4080,Daily Wages
2025-03-15,73,REVENUE,6103.846153846154,Deposit for #211
2025-03-16,74,COST,300,Daily Overheads
2025-03-16,74,COST,4080,Daily Wages
2025-03-16,74,REVENUE,7015.384615384615,Deposit for #213
2025-03-16,74,REVENUE,6888.461538461539,Deposit for #214
2025-03-16,74,COST,20000,Reordered 8 m³ of American Walnut
2025-03-17,75,COST,300,Daily Overheads
2025-03-17,75,COST,4080,Daily Wages
2025-03-17,75,REVENUE,4546.153846153846,Final payment for #194
2025-03-18,76,COST,300,Daily Overheads
2025-03-18,76,COST,4080,Daily Wages
2025-03-18,76,REVENUE,4546.153846153846,Deposit for #216
2025-03-18,76,REVENUE,4938.461538461539,Final payment for #197
2025-03-18,76,REVENUE,6496.153846153846,Final payment for #198
2025-03-19,77,COST,300,Daily Overheads
2025-03-19,77,COST,4080,Daily Wages
2025-03-19,77,REVENUE,5238.461538461539,Deposit for #217
2025-03-19,77,REVENUE,5630.7692307692305,Deposit for #218
2025-03-19,77,COST,12000,Reordered 10 m³ of Tasmanian Oak
2025-03-20,78,COST,300,Daily Overheads
2025-03-20,78,COST,4080,Daily Wages
2025-03-21,79,COST,300,Daily Overheads
2025-03-21,79,COST,4080,Daily Wages
2025-03-21,79,REVENUE,6496.153846153846,Deposit for #221
2025-03-22,80,COST,300,Daily Overheads
2025-03-22,80,COST,4080,Daily Wages
2025-03-22,80,REVENUE,4453.846153846154,Deposit for #222
2025-03-22,80,REVENUE,7015.384615384615,Final payment for #195
2025-03-22,80,REVENUE,4938.461538461539,Final payment for #200
2025-03-23,81,COST,300,Daily Overheads
2025-03-23,81,COST,4080,Daily Wages
2025-03-24,82,COST,300,Daily Overheads
2025-03-24,82,COST,4080,Daily Wages
2025-03-24,82,REVENUE,7673.076923076924,Deposit for #226
2025-03-24,82,REVENUE,6496.153846153846,Deposit for #227
2025-03-25,83,COST,300,Daily Overheads
2025-03-25,83,COST,4080,Daily Wages
2025-03-25,83,REVENUE,5330.7692307692305,Deposit for #229
2025-03-25,83,REVENUE,6496.153846153846,Final payment for #209
2025-03-25,83,REVENUE,6103.846153846154,Final payment for #211
2025-03-25,83,COST,20000,Reordered 8 m³ of American Walnut
2025-03-26,84,COST,300,Daily Overheads
2025-03-26,84,COST,4080,Daily Wages
2025-03-26,84,REVENUE,6496.153846153846,Deposit for #231
2025-03-26,84,REVENUE,6496.153846153846,Final payment for #210
2025-03-26,84,REVENUE,6888.461538461539,Final payment for #214
2025-03-27,85,COST,300,Daily Overheads
2025-03-27,85,COST,4080,Daily Wages
2025-03-27,85,REVENUE,6888.461538461539,Deposit for #233
2025-03-27,85,COST,11200,Reordered 8 m³ of Victorian Ash
2025-03-28,86,COST,300,Daily Overheads
2025-03-28,86,COST,4080,Daily Wages
2025-03-29,87,COST,300,Daily Overheads
2025-03-29,87,COST,4080,Daily Wages
2025-03-29,87,REVENUE,2861.538461538462,Deposit for #236
2025-03-30,88,COST,300,Daily Overheads
2025-03-30,88,COST,4080,Daily Wages
2025-03-30,88,REVENUE,4546.153846153846,Final payment for #216
2025-03-30,88,REVENUE,5238.461538461539,Final payment for #217
2025-03-31,89,COST,300,Daily Overheads
2025-03-31,89,COST,4080,Daily Wages
2025-03-31,89,REVENUE,5723.076923076924,Deposit for #240
2025-04-01,90,COST,300,Daily Overheads
2025-04-01,90,COST,4080,Daily Wages
2025-04-01,90,REVENUE,7673.076923076924,Deposit for #241
2025-04-02,91,COST,300,Daily Overheads
2025-04-02,91,COST,4080,Daily Wages
2025-04-02,91,REVENUE,7015.384615384615,Final payment for #213
2025-04-02,91,REVENUE,4453.846153846154,Final payment for #222
2025-04-02,91,COST,20000,Reordered 8 m³ of American Walnut
2025-04-03,92,COST,300,Daily Overheads
2025-04-03,92,COST,4080,Daily Wages
2025-04-03,92,REVENUE,2469.2307692307695,Deposit for #246
2025-04-03,92,REVENUE,6496.153846153846,Final payment for #221
2025-04-03,92,COST,12000,Reordered 10 m³ of Tasmanian Oak
2025-04-04,93,COST,300,Daily Overheads
2025-04-04,93,COST,4080,Daily Wages
2025-04-04,93,REVENUE,6496.153846153846,Final payment for #227
2025-04-05,94,COST,300,Daily Overheads
2025-04-05,94,COST,4080,Daily Wages
2025-04-06,95,COST,300,Daily Overheads
2025-04-06,95,COST,4080,Daily Wages
2025-04-06,95,REVENUE,6100,Deposit for #251
2025-04-06,95,REVENUE,6150,Deposit for #252
2025-04-07,96,COST,300,Daily Overheads
2025-04-07,96,COST,3840,Daily Wages
2025-04-08,97,COST,300,Daily Overheads
2025-04-08,97,COST,3840,Daily Wages
2025-04-08,97,REVENUE,6100,Deposit for #256
2025-04-08,97,REVENUE,2861.538461538462,Final payment for #236
2025-04-09,98,COST,300,Daily Overheads
2025-04-09,98,COST,3840,Daily Wages
2025-04-09,98,REVENUE,3475,Deposit for #257
2025-04-09,98,REVENUE,5630.7692307692305,Final payment for #218
2025-04-09,98,REVENUE,6496.153846153846,Final payment for #231
2025-04-10,99,COST,300,Daily Overheads
2025-04-10,99,COST,3840,Daily Wages
2025-04-10,99,REVENUE,5700,Deposit for #259
2025-04-10,99,REVENUE,7673.076923076924,Final payment for #226
2025-04-10,99,REVENUE,5330.7692307692305,Final payment for #229
2025-04-10,99,REVENUE,6888.461538461539,Final payment for #233
2025-04-11,100,COST,300,Daily Overheads
2025-04-11,100,COST,3840,Daily Wages
2025-04-11,100,REVENUE,7673.076923076924,Deposit for #261
2025-04-12,101,COST,300,Daily Overheads
2025-04-12,101,COST,4080,Daily Wages
2025-04-12,101,REVENUE,7280.7692307692305,Deposit for #264
2025-04-13,102,COST,300,Daily Overheads
2025-04-13,102,COST,4080,Daily Wages
2025-04-13,102,REVENUE,2469.2307692307695,Final payment for #246
2025-04-14,103,COST,300,Daily Overheads
2025-04-14,103,COST,4080,Daily Wages
2025-04-14,103,REVENUE,4546.153846153846,Deposit for #267
2025-04-15,104,COST,300,Daily Overheads
2025-04-15,104,COST,4080,Daily Wages
2025-04-15,104,REVENUE,3836.538461538462,Deposit for #268
2025-04-15,104,COST,20000,Reordered 8 m³ of American Walnut
2025-04-15,104,COST,11200,Reordered 8 m³ of Victorian Ash
2025-04-16,105,COST,300,Daily Overheads
2025-04-16,105,COST,4080,Daily Wages
2025-04-16,105,REVENUE,5723.076923076924,Deposit for #271
2025-04-16,105,REVENUE,7673.076923076924,Final payment for #241
2025-04-16,105,REVENUE,6150,Final payment for #252
2025-04-16,105,REVENUE,3475,Final payment for #257
2025-04-17,106,COST,300,Daily Overheads
2025-04-17,106,COST,4080,Daily Wages
2025-04-17,106,REVENUE,4453.846153846154,Deposit for #272
2025-04-17,106,REVENUE,5723.076923076924,Final payment for #240
2025-04-18,107,COST,300,Daily Overheads
2025-04-18,107,COST,4080,Daily Wages
2025-04-19,108,COST,300,Daily Overheads
2025-04-19,108,COST,4080,Daily Wages
2025-04-19,108,REVENUE,4846.153846153846,Deposit for #276
2025-04-20,109,COST,300,Daily Overheads
2025-04-20,109,COST,4080,Daily Wages
2025-04-20,109,REVENUE,4846.153846153846,Deposit for #279
2025-04-21,110,COST,300,Daily Overheads
2025-04-21,110,COST,4080,Daily Wages
2025-04-22,111,COST,300,Daily Overheads
2025-04-22,111,COST,4080,Daily Wages
2025-04-22,111,REVENUE,2861.538461538462,Deposit for #282
2025-04-23,112,COST,300,Daily Overheads
2025-04-23,112,COST,4080,Daily Wages
2025-04-23,112,REVENUE,6496.153846153846,Deposit for #285
2025-04-23,112,REVENUE,3836.538461538462,Final payment for #268
2025-04-24,113,COST,300,Daily Overheads
2025-04-24,113,COST,4080,Daily Wages
2025-04-24,113,REVENUE,6100,Final payment for #251
2025-04-24,113,REVENUE,6100,Final payment for #256
2025-04-24,113,REVENUE,4546.153846153846,Final payment for #267
2025-04-25,114,COST,300,Daily Overheads
2025-04-25,114,COST,4080,Daily Wages
2025-04-26,115,COST,300,Daily Overheads
2025-04-26,115,COST,4080,Daily Wages
2025-04-26,115,REVENUE,4546.153846153846,Deposit for #291
2025-04-27,116,COST,300,Daily Overheads
2025-04-27,116,COST,4080,Daily Wages
2025-04-27,116,REVENUE,5330.7692307692305,Deposit for #293
2025-04-27,116,REVENUE,5700,Final payment for #259
2025-04-28,117,COST,300,Daily Overheads
2025-04-28,117,COST,4080,Daily Wages
2025-04-28,117,REVENUE,7280.7692307692305,Deposit for #294
2025-04-28,117,REVENUE,7280.7692307692305,Final payment for #264
2025-04-29,118,COST,300,Daily Overheads
2025-04-29,118,COST,4080,Daily Wages
2025-04-29,118,REVENUE,6888.461538461539,Deposit for #297
2025-04-29,118,REVENUE,7673.076923076924,Final payment for #261
2025-04-30,119,COST,300,Daily Overheads
2025-04-30,119,COST,4080,Daily Wages
2025-04-30,119,REVENUE,7465.384615384615,Deposit for #299
2025-04-30,119,REVENUE,5723.076923076924,Final payment for #271
2025-04-30,119,COST,12000,Reordered 10 m³ of Tasmanian Oak
2025-05-01,120,COST,300,Daily Overheads
2025-05-01,120,COST,4080,Daily Wages
2025-05-01,120,REVENUE,4453.846153846154,Final payment for #272
2025-05-01,120,REVENUE,2861.538461538462,Final payment for #282
2025-05-01,120,COST,20000,Reordered 8 m³ of American Walnut
2025-05-02,121,COST,300,Daily Overheads
2025-05-02,121,COST,4080,Daily Wages
2025-05-02,121,REVENUE,4846.153846153846,Final payment for #276
2025-05-02,121,REVENUE,4846.153846153846,Final payment for #279
2025-05-03,122,COST,300,Daily Overheads
2025-05-03,122,COST,4080,Daily Wages
2025-05-03,122,COST,11200,Reordered 8 m³ of Victorian Ash
2025-05-04,123,COST,300,Daily Overheads
2025-05-04,123,COST,4080,Daily Wages
2025-05-04,123,REVENUE,7015.384615384615,Deposit for #306
2025-05-05,124,COST,300,Daily Overheads
2025-05-05,124,COST,4080,Daily Wages
2025-05-05,124,REVENUE,3444.2307692307695,Deposit for #309
2025-05-06,125,COST,300,Daily Overheads
2025-05-06,125,COST,4080,Daily Wages
2025-05-06,125,REVENUE,4453.846153846154,Deposit for #310
2025-05-06,125,REVENUE,6496.153846153846,Final payment for #285
2025-05-06,125,REVENUE,4546.153846153846,Final payment for #291
2025-05-07,126,COST,300,Daily Overheads
2025-05-07,126,COST,4080,Daily Wages
2025-05-08,127,COST,300,Daily Overheads
2025-05-08,127,COST,4080,Daily Wages
2025-05-09,128,COST,300,Daily Overheads
2025-05-09,128,COST,4080,Daily Wages
2025-05-10,129,COST,300,Daily Overheads
2025-05-10,129,COST,4080,Daily Wages
2025-05-10,129,REVENUE,5630.7692307692305,Deposit for #317
2025-05-11,130,COST,300,Daily Overheads
2025-05-11,130,COST,4080,Daily Wages
2025-05-11,130,REVENUE,6496.153846153846,Deposit for #318
2025-05-11,130,REVENUE,6888.461538461539,Final payment for #297
2025-05-11,130,REVENUE,3444.2307692307695,Final payment for #309
2025-05-12,131,COST,300,Daily Overheads
2025-05-12,131,COST,4080,Daily Wages
2025-05-12,131,REVENUE,5330.7692307692305,Final payment for #293
2025-05-12,131,REVENUE,7280.7692307692305,Final payment for #294
2025-05-13,132,COST,300,Daily Overheads
2025-05-13,132,COST,4080,Daily Wages
2025-05-13,132,REVENUE,4938.461538461539,Deposit for #321
2025-05-14,133,COST,300,Daily Overheads
2025-05-14,133,COST,4080,Daily Wages
2025-05-14,133,REVENUE,6888.461538461539,Deposit for #322
2025-05-14,133,REVENUE,4846.153846153846,Deposit for #323
2025-05-15,134,COST,300,Daily Overheads
2025-05-15,134,COST,4080,Daily Wages
2025-05-15,134,REVENUE,4453.846153846154,Final payment for #310
2025-05-16,135,COST,300,Daily Overheads
2025-05-16,135,COST,4080,Daily Wages
2025-05-16,135,REVENUE,4153.846153846154,Deposit for #325
2025-05-16,135,REVENUE,7465.384615384615,Final payment for #299
2025-05-16,135,COST,11200,Reordered 8 m³ of Victorian Ash
2025-05-17,136,COST,300,Daily Overheads
2025-05-17,136,COST,4080,Daily Wages
2025-05-17,136,REVENUE,4453.846153846154,Deposit for #327
2025-05-18,137,COST,300,Daily Overheads
2025-05-18,137,COST,4080,Daily Wages
2025-05-19,138,COST,300,Daily Overheads
2025-05-19,138,COST,4080,Daily Wages
2025-05-19,138,REVENUE,4938.461538461539,Deposit for #331
2025-05-20,139,COST,300,Daily Overheads
2025-05-20,139,COST,4080,Daily Wages
2025-05-20,139,REVENUE,4453.846153846154,Deposit for #332
2025-05-21,140,COST,300,Daily Overheads
2025-05-21,140,COST,4080,Daily Wages
2025-05-21,140,REVENUE,7412.5,Deposit for #334
2025-05-21,140,REVENUE,7015.384615384615,Final payment for #306
2025-05-22,141,COST,300,Daily Overheads
2025-05-22,141,COST,3720,Daily Wages
2025-05-22,141,REVENUE,5200,Deposit for #337
2025-05-23,142,COST,300,Daily Overheads
2025-05-23,142,COST,3720,Daily Wages
2025-05-23,142,REVENUE,4425,Deposit for #339
2025-05-23,142,REVENUE,6496.153846153846,Final payment for #318
2025-05-23,142,COST,12000,Reordered 10 m³ of Tasmanian Oak
2025-05-24,143,COST,300,Daily Overheads
2025-05-24,143,COST,3720,Daily Wages
2025-05-24,143,REVENUE,3812.5,Deposit for #340
2025-05-24,143,REVENUE,6888.461538461539,Final payment for #322
2025-05-24,143,REVENUE,4846.153846153846,Final payment for #323
2025-05-25,144,COST,300,Daily Overheads
2025-05-25,144,COST,3720,Daily Wages
2025-05-25,144,REVENUE,5675,Deposit for #342
2025-05-25,144,REVENUE,4938.461538461539,Final payment for #321
2025-05-26,145,COST,300,Daily Overheads
2025-05-26,145,COST,3720,Daily Wages
2025-05-26,145,REVENUE,4153.846153846154,Final payment for #325
2025-05-26,145,COST,11200,Reordered 8 m³ of Victorian Ash
2025-05-27,146,COST,300,Daily Overheads
2025-05-27,146,COST,3720,Daily Wages
2025-05-27,146,REVENUE,4453.846153846154,Final payment for #327
2025-05-28,147,COST,300,Daily Overheads
2025-05-28,147,COST,3720,Daily Wages
2025-05-28,147,REVENUE,5630.7692307692305,Final payment for #317
2025-05-29,148,COST,300,Daily Overheads
2025-05-29,148,COST,3720,Daily Wages
2025-05-29,148,REVENUE,5675,Deposit for #349
2025-05-30,149,COST,300,Daily Overheads
2025-05-30,149,COST,3720,Daily Wages
2025-05-31,150,COST,300,Daily Overheads
2025-05-31,150,COST,3720,Daily Wages
2025-05-31,150,REVENUE,4938.461538461539,Final payment for #331
2025-05-31,150,REVENUE,4453.846153846154,Final payment for #332
2025-06-01,151,COST,300,Daily Overheads
2025-06-01,151,COST,4080,Daily Wages
2025-06-01,151,REVENUE,6888.461538461539,Deposit for #355
2025-06-02,152,COST,300,Daily Overheads
2025-06-02,152,COST,4080,Daily Wages
2025-06-02,152,REVENUE,6103.846153846154,Deposit for #357
2025-06-03,153,COST,300,Daily Overheads
2025-06-03,153,COST,4080,Daily Wages
2025-06-03,153,REVENUE,4546.153846153846,Deposit for #358
2025-06-03,153,COST,20000,Reordered 8 m³ of American Walnut
2025-06-04,154,COST,300,Daily Overheads
2025-06-04,154,COST,4080,Daily Wages
2025-06-04,154,REVENUE,5200,Final payment for #337
2025-06-04,154,REVENUE,4425,Final payment for #339
2025-06-04,154,REVENUE,3812.5,Final payment for #340
2025-06-05,155,COST,300,Daily Overheads
2025-06-05,155,COST,4080,Daily Wages
2025-06-05,155,REVENUE,4846.153846153846,Deposit for #361
2025-06-06,156,COST,300,Daily Overheads
2025-06-06,156,COST,4080,Daily Wages
2025-06-06,156,REVENUE,6888.461538461539,Deposit for #362
2025-06-07,157,COST,300,Daily Overheads
2025-06-07,157,COST,4080,Daily Wages
2025-06-07,157,REVENUE,4938.461538461539,Deposit for #363
2025-06-08,158,COST,300,Daily Overheads
2025-06-08,158,COST,4080,Daily Wages
2025-06-08,158,REVENUE,7412.5,Final payment for #334
2025-06-09,159,COST,300,Daily Overheads
2025-06-09,159,COST,4080,Daily Wages
2025-06-10,160,COST,300,Daily Overheads
2025-06-10,160,COST,4080,Daily Wages
2025-06-10,160,REVENUE,3836.538461538462,Deposit for #367
2025-06-10,160,COST,12000,Reordered 10 m³ of Tasmanian Oak
2025-06-11,161,COST,300,Daily Overheads
2025-06-11,161,COST,4080,Daily Wages
2025-06-12,162,COST,300,Daily Overheads
2025-06-12,162,COST,4080,Daily Wages
2025-06-12,162,REVENUE,5675,Final payment for #342
2025-06-12,162,REVENUE,5675,Final payment for #349
2025-06-12,162,REVENUE,6888.461538461539,Final payment for #355
2025-06-12,162,REVENUE,6103.846153846154,Final payment for #357
2025-06-13,163,COST,300,Daily Overheads
2025-06-13,163,COST,4080,Daily Wages
2025-06-13,163,REVENUE,6103.846153846154,Deposit for #371
2025-06-13,163,REVENUE,2861.538461538462,Deposit for #372
2025-06-14,164,COST,300,Daily Overheads
2025-06-14,164,COST,4080,Daily Wages
2025-06-14,164,REVENUE,5330.7692307692305,Deposit for #373
2025-06-15,165,COST,300,Daily Overheads
2025-06-15,165,COST,4080,Daily Wages
2025-06-15,165,REVENUE,4546.153846153846,Final payment for #358
2025-06-15,165,COST,20000,Reordered 8 m³ of American Walnut
2025-06-16,166,COST,300,Daily Overheads
2025-06-16,166,COST,4080,Daily Wages
2025-06-17,167,COST,300,Daily Overheads
2025-06-17,167,COST,4080,Daily Wages
2025-06-17,167,REVENUE,6888.461538461539,Deposit for #377
2025-06-17,167,REVENUE,4846.153846153846,Final payment for #361
2025-06-18,168,COST,300,Daily Overheads
2025-06-18,168,COST,4080,Daily Wages
2025-06-18,168,REVENUE,6888.461538461539,Final payment for #362
2025-06-18,168,REVENUE,3836.538461538462,Final payment for #367
2025-06-19,169,COST,300,Daily Overheads
2025-06-19,169,COST,4080,Daily Wages
2025-06-19,169,REVENUE,6023.076923076924,Deposit for #379
2025-06-19,169,REVENUE,4938.461538461539,Final payment for #363
2025-06-20,170,COST,300,Daily Overheads
2025-06-20,170,COST,4080,Daily Wages
2025-06-21,171,COST,300,Daily Overheads
2025-06-21,171,COST,4080,Daily Wages
2025-06-21,171,REVENUE,4938.461538461539,Deposit for #381
2025-06-22,172,COST,300,Daily Overheads
2025-06-22,172,COST,4080,Daily Wages
2025-06-22,172,REVENUE,5330.7692307692305,Deposit for #382
2025-06-22,172,REVENUE,6103.846153846154,Final payment for #371
2025-06-22,172,REVENUE,2861.538461538462,Final payment for #372
2025-06-23,173,COST,300,Daily Overheads
2025-06-23,173,COST,4080,Daily Wages
2025-06-24,174,COST,300,Daily Overheads
2025-06-24,174,COST,4080,Daily Wages
2025-06-24,174,REVENUE,4546.153846153846,Deposit for #385
2025-06-25,175,COST,300,Daily Overheads
2025-06-25,175,COST,4080,Daily Wages
2025-06-25,175,REVENUE,7673.076923076924,Deposit for #386
2025-06-26,176,COST,300,Daily Overheads
2025-06-26,176,COST,4080,Daily Wages
2025-06-26,176,REVENUE,5330.7692307692305,Deposit for #387
2025-06-27,177,COST,300,Daily Overheads
2025-06-27,177,COST,4080,Daily Wages
2025-06-27,177,REVENUE,5723.076923076924,Deposit for #388
2025-06-27,177,REVENUE,6888.461538461539,Final payment for #377
2025-06-28,178,COST,300,Daily Overheads
2025-06-28,178,COST,4080,Daily Wages
2025-06-28,178,REVENUE,5330.7692307692305,Deposit for #389
2025-06-28,178,REVENUE,5330.7692307692305,Final payment for #373
2025-06-29,179,COST,300,Daily Overheads
2025-06-29,179,COST,4080,Daily Wages
2025-06-29,179,REVENUE,6103.846153846154,Deposit for #390
2025-06-30,180,COST,300,Daily Overheads
2025-06-30,180,COST,4080,Daily Wages
2025-06-30,180,COST,12000,Reordered 10 m³ of Tasmanian Oak
2025-07-01,181,COST,300,Daily Overheads
2025-07-01,181,COST,4080,Daily Wages
2025-07-01,181,REVENUE,4938.461538461539,Final payment for #381
2025-07-02,182,COST,300,Daily Overheads
2025-07-02,182,COST,4080,Daily Wages
2025-07-02,182,REVENUE,4846.153846153846,Deposit for #393
2025-07-03,183,COST,300,Daily Overheads
2025-07-03,183,COST,4080,Daily Wages
2025-07-03,183,REVENUE,6023.076923076924,Final payment for #379
2025-07-04,184,COST,300,Daily Overheads
2025-07-04,184,COST,4080,Daily Wages
2025-07-04,184,REVENUE,3011.538461538462,Deposit for #395
2025-07-04,184,COST,11200,Reordered 8 m³ of Victorian Ash
2025-07-05,185,COST,300,Daily Overheads
2025-07-05,185,COST,4080,Daily Wages
2025-07-05,185,REVENUE,3836.538461538462,Deposit for #397
2025-07-06,186,COST,300,Daily Overheads
2025-07-06,186,COST,4080,Daily Wages
2025-07-06,186,REVENUE,4846.153846153846,Deposit for #398
2025-07-06,186,REVENUE,4546.153846153846,Final payment for #385
2025-07-07,187,COST,300,Daily Overheads
2025-07-07,187,COST,4080,Daily Wages
2025-07-07,187,REVENUE,5330.7692307692305,Final payment for #382
2025-07-08,188,COST,300,Daily Overheads
2025-07-08,188,COST,4080,Daily Wages
2025-07-08,188,REVENUE,6103.846153846154,Final payment for #390
2025-07-09,189,COST,300,Daily Overheads
2025-07-09,189,COST,4080,Daily Wages
2025-07-09,189,REVENUE,4153.846153846154,Deposit for #402
2025-07-09,189,REVENUE,7673.076923076924,Final payment for #386
2025-07-10,190,COST,300,Daily Overheads
2025-07-10,190,COST,4080,Daily Wages
2025-07-10,190,REVENUE,4938.461538461539,Deposit for #403
2025-07-11,191,COST,300,Daily Overheads
2025-07-11,191,COST,4080,Daily Wages
2025-07-11,191,REVENUE,4846.153846153846,Deposit for #404
2025-07-11,191,REVENUE,4938.461538461539,Deposit for #405
2025-07-12,192,COST,300,Daily Overheads
2025-07-12,192,COST,4080,Daily Wages
2025-07-12,192,REVENUE,3011.538461538462,Deposit for #406
2025-07-12,192,REVENUE,4846.153846153846,Final payment for #393
2025-07-13,193,COST,300,Daily Overheads
2025-07-13,193,COST,4080,Daily Wages
2025-07-13,193,REVENUE,5330.7692307692305,Final payment for #387
2025-07-13,193,REVENUE,5330.7692307692305,Final payment for #389
2025-07-13,193,REVENUE,3836.538461538462,Final payment for #397
2025-07-13,193,COST,12000,Reordered 10 m³ of Tasmanian Oak
2025-07-14,194,COST,300,Daily Overheads
2025-07-14,194,COST,4080,Daily Wages
2025-07-14,194,REVENUE,3011.538461538462,Final payment for #395
2025-07-15,195,COST,300,Daily Overheads
2025-07-15,195,COST,4080,Daily Wages
2025-07-15,195,REVENUE,6550,Deposit for #409
2025-07-16,196,COST,300,Daily Overheads
2025-07-16,196,COST,3840,Daily Wages
2025-07-16,196,REVENUE,4900,Deposit for #410
2025-07-16,196,REVENUE,4500,Deposit for #411
2025-07-16,196,REVENUE,5723.076923076924,Final payment for #388
2025-07-17,197,COST,300,Daily Overheads
2025-07-17,197,COST,3840,Daily Wages
2025-07-17,197,REVENUE,7350,Deposit for #412
2025-07-17,197,REVENUE,4900,Deposit for #413
2025-07-17,197,REVENUE,4846.153846153846,Final payment for #398
2025-07-17,197,COST,20000,Reordered 8 m³ of American Walnut
2025-07-18,198,COST,300,Daily Overheads
2025-07-18,198,COST,3840,Daily Wages
2025-07-18,198,REVENUE,5300,Deposit for #414
2025-07-18,198,REVENUE,4153.846153846154,Final payment for #402
2025-07-18,198,COST,11200,Reordered 8 m³ of Victorian Ash
2025-07-19,199,COST,300,Daily Overheads
2025-07-19,199,COST,3840,Daily Wages
2025-07-19,199,REVENUE,7350,Deposit for #415
2025-07-20,200,COST,300,Daily Overheads
2025-07-20,200,COST,3840,Daily Wages
2025-07-21,201,COST,300,Daily Overheads
2025-07-21,201,COST,3840,Daily Wages
2025-07-21,201,REVENUE,4938.461538461539,Final payment for #403
2025-07-21,201,REVENUE,4846.153846153846,Final payment for #404
2025-07-21,201,REVENUE,4938.461538461539,Final payment for #405
2025-07-21,201,REVENUE,3011.538461538462,Final payment for #406
2025-07-22,202,COST,300,Daily Overheads
2025-07-22,202,COST,3840,Daily Wages
2025-07-23,203,COST,300,Daily Overheads
2025-07-23,203,COST,3600,Daily Wages
2025-07-24,204,COST,300,Daily Overheads
2025-07-24,204,COST,3600,Daily Wages
2025-07-24,204,REVENUE,4554.545454545454,Deposit for #421
2025-07-25,205,COST,300,Daily Overheads
2025-07-25,205,COST,3600,Daily Wages
2025-07-25,205,REVENUE,4500,Final payment for #411
2025-07-26,206,COST,300,Daily Overheads
2025-07-26,206,COST,3840,Daily Wages
2025-07-26,206,REVENUE,3050,Deposit for #424
2025-07-26,206,REVENUE,6550,Final payment for #409
2025-07-26,206,REVENUE,4900,Final payment for #410
2025-07-26,206,COST,11200,Reordered 8 m³ of Victorian Ash
2025-07-27,207,COST,300,Daily Overheads
2025-07-27,207,COST,3840,Daily Wages
2025-07-27,207,REVENUE,3456.818181818182,Deposit for #425
2025-07-28,208,COST,300,Daily Overheads
2025-07-28,208,COST,3480,Daily Wages
2025-07-28,208,REVENUE,2481.818181818182,Deposit for #426
2025-07-28,208,REVENUE,4568.181818181818,Deposit for #427
2025-07-29,209,COST,300,Daily Overheads
2025-07-29,209,COST,3480,Daily Wages
2025-07-29,209,REVENUE,4963.636363636364,Deposit for #428
2025-07-30,210,COST,300,Daily Overheads
2025-07-30,210,COST,3480,Daily Wages
2025-07-30,210,REVENUE,3027.272727272727,Deposit for #430
2025-07-30,210,REVENUE,4900,Final payment for #413
2025-07-30,210,REVENUE,5300,Final payment for #414
2025-07-31,211,COST,300,Daily Overheads
2025-07-31,211,COST,3480,Daily Wages
2025-07-31,211,REVENUE,7350,Final payment for #412
2025-08-01,212,COST,300,Daily Overheads
2025-08-01,212,COST,3720,Daily Wages
2025-08-02,213,COST,300,Daily Overheads
2025-08-02,213,COST,3720,Daily Wages
2025-08-02,213,REVENUE,3456.818181818182,Final payment for #425
2025-08-03,214,COST,300,Daily Overheads
2025-08-03,214,COST,3720,Daily Wages
2025-08-03,214,REVENUE,7350,Final payment for #415
2025-08-03,214,REVENUE,4554.545454545454,Final payment for #421
2025-08-04,215,COST,300,Daily Overheads
2025-08-04,215,COST,3720,Daily Wages
2025-08-04,215,REVENUE,6888.461538461539,Deposit for #437
2025-08-04,215,REVENUE,3050,Final payment for #424
2025-08-04,215,REVENUE,2481.818181818182,Final payment for #426
2025-08-05,216,COST,300,Daily Overheads
2025-08-05,216,COST,4080,Daily Wages
2025-08-05,216,REVENUE,3836.538461538462,Deposit for #438
2025-08-05,216,REVENUE,4453.846153846154,Deposit for #439
2025-08-06,217,COST,300,Daily Overheads
2025-08-06,217,COST,4080,Daily Wages
2025-08-06,217,REVENUE,4153.846153846154,Deposit for #440
2025-08-06,217,COST,20000,Reordered 8 m³ of American Walnut
2025-08-07,218,COST,300,Daily Overheads
2025-08-07,218,COST,4080,Daily Wages
2025-08-07,218,REVENUE,6496.153846153846,Deposit for #442
2025-08-07,218,REVENUE,4568.181818181818,Final payment for #427
2025-08-07,218,REVENUE,3027.272727272727,Final payment for #430
2025-08-08,219,COST,300,Daily Overheads
2025-08-08,219,COST,4080,Daily Wages
2025-08-09,220,COST,300,Daily Overheads
2025-08-09,220,COST,4080,Daily Wages
2025-08-09,220,REVENUE,4963.636363636364,Final payment for #428
2025-08-10,221,COST,300,Daily Overheads
2025-08-10,221,COST,4080,Daily Wages
2025-08-10,221,REVENUE,5723.076923076924,Deposit for #446
2025-08-11,222,COST,300,Daily Overheads
2025-08-11,222,COST,4080,Daily Wages
2025-08-11,222,REVENUE,3836.538461538462,Deposit for #447
2025-08-12,223,COST,300,Daily Overheads
2025-08-12,223,COST,4080,Daily Wages
2025-08-12,223,REVENUE,3011.538461538462,Deposit for #448
2025-08-13,224,COST,300,Daily Overheads
2025-08-13,224,COST,4080,Daily Wages
2025-08-13,224,REVENUE,4546.153846153846,Deposit for #450
2025-08-13,224,REVENUE,3836.538461538462,Final payment for #438
2025-08-13,224,COST,12000,Reordered 10 m³ of Tasmanian Oak
2025-08-14,225,COST,300,Daily Overheads
2025-08-14,225,COST,4080,Daily Wages
2025-08-14,225,REVENUE,4153.846153846154,Deposit for #451
2025-08-14,225,REVENUE,6888.461538461539,Final payment for #437
2025-08-14,225,REVENUE,4453.846153846154,Final payment for #439
2025-08-15,226,COST,300,Daily Overheads
2025-08-15,226,COST,4080,Daily Wages
2025-08-15,226,REVENUE,4453.846153846154,Deposit for #453
2025-08-16,227,COST,300,Daily Overheads
2025-08-16,227,COST,4080,Daily Wages
2025-08-16,227,REVENUE,3011.538461538462,Deposit for #454
2025-08-16,227,REVENUE,4153.846153846154,Final payment for #440
2025-08-17,228,COST,300,Daily Overheads
2025-08-17,228,COST,4080,Daily Wages
2025-08-17,228,REVENUE,6023.076923076924,Deposit for #455
2025-08-17,228,COST,11200,Reordered 8 m³ of Victorian Ash
2025-08-18,229,COST,300,Daily Overheads
2025-08-18,229,COST,4080,Daily Wages
2025-08-19,230,COST,300,Daily Overheads
2025-08-19,230,COST,4080,Daily Wages
2025-08-19,230,REVENUE,4938.461538461539,Deposit for #458
2025-08-20,231,COST,300,Daily Overheads
2025-08-20,231,COST,4080,Daily Wages
2025-08-20,231,REVENUE,3836.538461538462,Final payment for #447
2025-08-21,232,COST,300,Daily Overheads
2025-08-21,232,COST,4080,Daily Wages
2025-08-21,232,REVENUE,6496.153846153846,Final payment for #442
2025-08-22,233,COST,300,Daily Overheads
2025-08-22,233,COST,4080,Daily Wages
2025-08-22,233,REVENUE,4846.153846153846,Deposit for #461
2025-08-23,234,COST,300,Daily Overheads
2025-08-23,234,COST,4080,Daily Wages
2025-08-23,234,REVENUE,7465.384615384615,Deposit for #462
2025-08-23,234,REVENUE,3011.538461538462,Final payment for #448
2025-08-24,235,COST,300,Daily Overheads
2025-08-24,235,COST,4080,Daily Wages
2025-08-24,235,REVENUE,4546.153846153846,Deposit for #463
2025-08-24,235,REVENUE,4153.846153846154,Final payment for #451
2025-08-24,235,REVENUE,4453.846153846154,Final payment for #453
2025-08-24,235,REVENUE,3011.538461538462,Final payment for #454
2025-08-25,236,COST,300,Daily Overheads
2025-08-25,236,COST,4080,Daily Wages
2025-08-25,236,REVENUE,4546.153846153846,Final payment for #450
2025-08-26,237,COST,300,Daily Overheads
2025-08-26,237,COST,4080,Daily Wages
2025-08-26,237,COST,11200,Reordered 8 m³ of Victorian Ash
2025-08-27,238,COST,300,Daily Overheads
2025-08-27,238,COST,4080,Daily Wages
2025-08-27,238,REVENUE,6103.846153846154,Deposit for #466
2025-08-27,238,REVENUE,6023.076923076924,Deposit for #467
2025-08-27,238,REVENUE,5723.076923076924,Final payment for #446
2025-08-28,239,COST,300,Daily Overheads
2025-08-28,239,COST,4080,Daily Wages
2025-08-29,240,COST,300,Daily Overheads
2025-08-29,240,COST,4080,Daily Wages
2025-08-29,240,REVENUE,4546.153846153846,Deposit for #469
2025-08-29,240,REVENUE,6888.461538461539,Deposit for #470
2025-08-29,240,REVENUE,4938.461538461539,Final payment for #458
2025-08-30,241,COST,300,Daily Overheads
2025-08-30,241,COST,4080,Daily Wages
2025-08-30,241,REVENUE,6496.153846153846,Deposit for #471
2025-08-31,242,COST,300,Daily Overheads
2025-08-31,242,COST,4080,Daily Wages
2025-08-31,242,REVENUE,6023.076923076924,Final payment for #455
2025-08-31,242,COST,12000,Reordered 10 m³ of Tasmanian Oak
2025-08-31,242,COST,20000,Reordered 8 m³ of American Walnut
2025-09-01,243,COST,300,Daily Overheads
2025-09-01,243,COST,4080,Daily Wages
2025-09-02,244,COST,300,Daily Overheads
2025-09-02,244,COST,4080,Daily Wages
2025-09-02,244,REVENUE,4846.153846153846,Final payment for #461
2025-09-03,245,COST,300,Daily Overheads
2025-09-03,245,COST,4080,Daily Wages
2025-09-03,245,REVENUE,9940.384615384615,Deposit for #476
2025-09-04,246,COST,300,Daily Overheads
2025-09-04,246,COST,4080,Daily Wages
2025-09-04,246,REVENUE,6888.461538461539,Deposit for #478
2025-09-05,247,COST,300,Daily Overheads
2025-09-05,247,COST,4080,Daily Wages
2025-09-05,247,REVENUE,4546.153846153846,Final payment for #463
2025-09-06,248,COST,300,Daily Overheads
2025-09-06,248,COST,4080,Daily Wages
2025-09-06,248,REVENUE,5238.461538461539,Deposit for #480
2025-09-06,248,REVENUE,4846.153846153846,Deposit for #481
2025-09-06,248,COST,20000,Reordered 8 m³ of American Walnut
2025-09-07,249,COST,300,Daily Overheads
2025-09-07,249,COST,4080,Daily Wages
2025-09-07,249,REVENUE,5723.076923076924,Deposit for #483
2025-09-07,249,REVENUE,6103.846153846154,Final payment for #466
2025-09-08,250,COST,300,Daily Overheads
2025-09-08,250,COST,4080,Daily Wages
2025-09-08,250,REVENUE,2619.2307692307695,Deposit for #484
2025-09-08,250,REVENUE,7465.384615384615,Final payment for #462
2025-09-09,251,COST,300,Daily Overheads
2025-09-09,251,COST,4080,Daily Wages
2025-09-09,251,REVENUE,4153.846153846154,Deposit for #486
2025-09-10,252,COST,300,Daily Overheads
2025-09-10,252,COST,4080,Daily Wages
2025-09-10,252,REVENUE,9940.384615384615,Deposit for #488
2025-09-11,253,COST,300,Daily Overheads
2025-09-11,253,COST,4080,Daily Wages
2025-09-11,253,REVENUE,2619.2307692307695,Deposit for #490
2025-09-11,253,REVENUE,6023.076923076924,Final payment for #467
2025-09-11,253,REVENUE,4546.153846153846,Final payment for #469
2025-09-11,253,REVENUE,6888.461538461539,Final payment for #470
2025-09-11,253,REVENUE,6496.153846153846,Final payment for #471
2025-09-11,253,COST,11200,Reordered 8 m³ of Victorian Ash
2025-09-12,254,COST,300,Daily Overheads
2025-09-12,254,COST,4080,Daily Wages
2025-09-12,254,REVENUE,4453.846153846154,Deposit for #492
2025-09-13,255,COST,300,Daily Overheads
2025-09-13,255,COST,4080,Daily Wages
2025-09-13,255,REVENUE,5630.7692307692305,Deposit for #494
2025-09-14,256,COST,300,Daily Overheads
2025-09-14,256,COST,4080,Daily Wages
2025-09-14,256,REVENUE,5238.461538461539,Deposit for #497
2025-09-15,257,COST,300,Daily Overheads
2025-09-15,257,COST,4080,Daily Wages
2025-09-15,257,REVENUE,5630.7692307692305,Deposit for #498
2025-09-15,257,REVENUE,6888.461538461539,Final payment for #478
2025-09-16,258,COST,300,Daily Overheads
2025-09-16,258,COST,4080,Daily Wages
2025-09-16,258,REVENUE,5330.7692307692305,Deposit for #500
2025-09-16,258,REVENUE,5238.461538461539,Final payment for #480
2025-09-16,258,REVENUE,4846.153846153846,Final payment for #481
2025-09-16,258,REVENUE,2619.2307692307695,Final payment for #484
2025-09-17,259,COST,300,Daily Overheads
2025-09-17,259,COST,4080,Daily Wages
2025-09-17,259,REVENUE,7673.076923076924,Deposit for #502
2025-09-18,260,COST,300,Daily Overheads
2025-09-18,260,COST,4080,Daily Wages
2025-09-18,260,REVENUE,5330.7692307692305,Deposit for #504
2025-09-18,260,REVENUE,2619.2307692307695,Final payment for #490
2025-09-18,260,COST,11200,Reordered 8 m³ of Victorian Ash
2025-09-19,261,COST,300,Daily Overheads
2025-09-19,261,COST,4080,Daily Wages
2025-09-19,261,REVENUE,3812.5,Deposit for #505
2025-09-19,261,REVENUE,9940.384615384615,Final payment for #476
2025-09-19,261,REVENUE,4153.846153846154,Final payment for #486
2025-09-20,262,COST,300,Daily Overheads
2025-09-20,262,COST,3720,Daily Wages
2025-09-21,263,COST,300,Daily Overheads
2025-09-21,263,COST,3720,Daily Wages
2025-09-21,263,REVENUE,4512.5,Deposit for #509
2025-09-21,263,REVENUE,3425,Deposit for #510
2025-09-22,264,COST,300,Daily Overheads
2025-09-22,264,COST,3720,Daily Wages
2025-09-22,264,REVENUE,6075,Deposit for #512
2025-09-23,265,COST,300,Daily Overheads
2025-09-23,265,COST,3720,Daily Wages
2025-09-23,265,REVENUE,4453.846153846154,Final payment for #492
2025-09-23,265,COST,20000,Reordered 8 m³ of American Walnut
2025-09-24,266,COST,300,Daily Overheads
2025-09-24,266,COST,3720,Daily Wages
2025-09-24,266,REVENUE,7280.7692307692305,Deposit for #515
2025-09-24,266,REVENUE,5723.076923076924,Final payment for #483
2025-09-25,267,COST,300,Daily Overheads
2025-09-25,267,COST,4080,Daily Wages
2025-09-25,267,REVENUE,7280.7692307692305,Deposit for #516
2025-09-25,267,REVENUE,4453.846153846154,Deposit for #517
2025-09-26,268,COST,300,Daily Overheads
2025-09-26,268,COST,4080,Daily Wages
2025-09-26,268,REVENUE,4546.153846153846,Deposit for #518
2025-09-27,269,COST,300,Daily Overheads
2025-09-27,269,COST,4080,Daily Wages
2025-09-27,269,REVENUE,5630.7692307692305,Final payment for #494
2025-09-27,269,COST,12000,Reordered 10 m³ of Tasmanian Oak
2025-09-28,270,COST,300,Daily Overheads
2025-09-28,270,COST,4080,Daily Wages
2025-09-28,270,REVENUE,6103.846153846154,Deposit for #521
2025-09-28,270,REVENUE,5238.461538461539,Final payment for #497
2025-09-29,271,COST,300,Daily Overheads
2025-09-29,271,COST,4080,Daily Wages
2025-09-29,271,REVENUE,4846.153846153846,Deposit for #523
2025-09-30,272,COST,300,Daily Overheads
2025-09-30,272,COST,4080,Daily Wages
2025-09-30,272,REVENUE,3812.5,Deposit for #525
2025-09-30,272,REVENUE,5630.7692307692305,Final payment for #498
2025-09-30,272,REVENUE,3812.5,Final payment for #505
2025-10-01,273,COST,300,Daily Overheads
2025-10-01,273,COST,3720,Daily Wages
2025-10-01,273,REVENUE,5330.7692307692305,Final payment for #500
2025-10-02,274,COST,300,Daily Overheads
2025-10-02,274,COST,3720,Daily Wages
2025-10-02,274,REVENUE,9940.384615384615,Final payment for #488
2025-10-03,275,COST,300,Daily Overheads
2025-10-03,275,COST,3720,Daily Wages
2025-10-03,275,REVENUE,7625,Deposit for #531
2025-10-04,276,COST,300,Daily Overheads
2025-10-04,276,COST,3720,Daily Wages
2025-10-04,276,REVENUE,9887.5,Deposit for #533
2025-10-04,276,REVENUE,3082.5,Final payment for #510 (10% late penalty applied)
2025-10-04,276,COST,20000,Reordered 8 m³ of American Walnut
2025-10-05,277,COST,300,Daily Overheads
2025-10-05,277,COST,3720,Daily Wages
2025-10-06,278,COST,300,Daily Overheads
2025-10-06,278,COST,3720,Daily Wages
2025-10-06,278,REVENUE,6023.076923076924,Deposit for #538
2025-10-06,278,REVENUE,5330.7692307692305,Final payment for #504
2025-10-07,279,COST,300,Daily Overheads
2025-10-07,279,COST,4080,Daily Wages
2025-10-07,279,REVENUE,7280.7692307692305,Deposit for #540
2025-10-07,279,REVENUE,7673.076923076924,Final payment for #502
2025-10-08,280,COST,300,Daily Overheads
2025-10-08,280,COST,4080,Daily Wages
2025-10-08,280,REVENUE,4938.461538461539,Deposit for #541
2025-10-09,281,COST,300,Daily Overheads
2025-10-09,281,COST,4080,Daily Wages
2025-10-09,281,REVENUE,5467.5,Final payment for #512 (10% late penalty applied)
2025-10-10,282,COST,300,Daily Overheads
2025-10-10,282,COST,4080,Daily Wages
2025-10-10,282,REVENUE,2861.538461538462,Deposit for #546
2025-10-10,282,REVENUE,4061.25,Final payment for #509 (10% late penalty applied)
2025-10-11,283,COST,300,Daily Overheads
2025-10-11,283,COST,4080,Daily Wages
2025-10-11,283,REVENUE,4846.153846153846,Deposit for #547
2025-10-11,283,REVENUE,4546.153846153846,Deposit for #548
2025-10-11,283,REVENUE,4453.846153846154,Final payment for #517
2025-10-11,283,COST,20000,Reordered 8 m³ of American Walnut
2025-10-12,284,COST,300,Daily Overheads
2025-10-12,284,COST,4080,Daily Wages
2025-10-12,284,REVENUE,2861.538461538462,Deposit for #549
2025-10-12,284,REVENUE,4453.846153846154,Deposit for #550
2025-10-13,285,COST,300,Daily Overheads
2025-10-13,285,COST,4080,Daily Wages
2025-10-13,285,REVENUE,5330.7692307692305,Deposit for #551
2025-10-13,285,REVENUE,7673.076923076924,Deposit for #552
2025-10-13,285,REVENUE,7280.7692307692305,Final payment for #515
2025-10-14,286,COST,300,Daily Overheads
2025-10-14,286,COST,4080,Daily Wages
2025-10-14,286,REVENUE,6103.846153846154,Final payment for #521
2025-10-15,287,COST,300,Daily Overheads
2025-10-15,287,COST,4080,Daily Wages
2025-10-15,287,REVENUE,4846.153846153846,Deposit for #555
2025-10-15,287,REVENUE,4453.846153846154,Deposit for #556
2025-10-15,287,REVENUE,4091.538461538461,Final payment for #518 (10% late penalty applied)
2025-10-15,287,REVENUE,4846.153846153846,Final payment for #523
2025-10-15,287,REVENUE,3812.5,Final payment for #525
2025-10-15,287,COST,11200,Reordered 8 m³ of Victorian Ash
2025-10-16,288,COST,300,Daily Overheads
2025-10-16,288,COST,4080,Daily Wages
2025-10-16,288,REVENUE,5723.076923076924,Deposit for #557
2025-10-17,289,COST,300,Daily Overheads
2025-10-17,289,COST,4080,Daily Wages
2025-10-17,289,REVENUE,5630.7692307692305,Deposit for #559
2025-10-17,289,REVENUE,7280.7692307692305,Final payment for #516
2025-10-18,290,COST,300,Daily Overheads
2025-10-18,290,COST,4080,Daily Wages
2025-10-19,291,COST,300,Daily Overheads
2025-10-19,291,COST,4080,Daily Wages
2025-10-20,292,COST,300,Daily Overheads
2025-10-20,292,COST,4080,Daily Wages
2025-10-21,293,COST,300,Daily Overheads
2025-10-21,293,COST,4080,Daily Wages
2025-10-21,293,REVENUE,6023.076923076924,Deposit for #567
2025-10-21,293,REVENUE,4938.461538461539,Deposit for #568
2025-10-22,294,COST,300,Daily Overheads
2025-10-22,294,COST,4080,Daily Wages
2025-10-22,294,REVENUE,7015.384615384615,Deposit for #569
2025-10-22,294,REVENUE,4153.846153846154,Deposit for #570
2025-10-22,294,REVENUE,2861.538461538462,Final payment for #546
2025-10-22,294,COST,12000,Reordered 10 m³ of Tasmanian Oak
2025-10-23,295,COST,300,Daily Overheads
2025-10-23,295,COST,4080,Daily Wages
2025-10-23,295,REVENUE,7625,Final payment for #531
2025-10-24,296,COST,300,Daily Overheads
2025-10-24,296,COST,4080,Daily Wages
2025-10-24,296,REVENUE,2861.538461538462,Deposit for #573
2025-10-24,296,REVENUE,2469.2307692307695,Deposit for #574
2025-10-24,296,REVENUE,9887.5,Final payment for #533
2025-10-25,297,COST,300,Daily Overheads
2025-10-25,297,COST,4080,Daily Wages
2025-10-25,297,REVENUE,2619.2307692307695,Deposit for #575
2025-10-25,297,REVENUE,7280.7692307692305,Final payment for #540
2025-10-25,297,REVENUE,4938.461538461539,Final payment for #541
2025-10-25,297,REVENUE,4846.153846153846,Final payment for #547
2025-10-25,297,COST,11200,Reordered 8 m³ of Victorian Ash
2025-10-26,298,COST,300,Daily Overheads
2025-10-26,298,COST,4080,Daily Wages
2025-10-26,298,REVENUE,3444.2307692307695,Deposit for #577
2025-10-26,298,REVENUE,6023.076923076924,Final payment for #538
2025-10-27,299,COST,300,Daily Overheads
2025-10-27,299,COST,4080,Daily Wages
2025-10-27,299,REVENUE,7280.7692307692305,Deposit for #579
2025-10-28,300,COST,300,Daily Overheads
2025-10-28,300,COST,4080,Daily Wages
2025-10-28,300,REVENUE,3011.538461538462,Deposit for #581
2025-10-28,300,REVENUE,7280.7692307692305,Deposit for #582
2025-10-28,300,REVENUE,2575.3846153846157,Final payment for #549 (10% late penalty applied)
2025-10-29,301,COST,300,Daily Overheads
2025-10-29,301,COST,4080,Daily Wages
2025-10-29,301,REVENUE,6103.846153846154,Deposit for #584
2025-10-29,301,REVENUE,4091.538461538461,Final payment for #548 (10% late penalty applied)
2025-10-30,302,COST,300,Daily Overheads
2025-10-30,302,COST,4080,Daily Wages
2025-10-30,302,REVENUE,4008.461538461539,Final payment for #550 (10% late penalty applied)
2025-10-31,303,COST,300,Daily Overheads
2025-10-31,303,COST,4080,Daily Wages
2025-11-01,304,COST,300,Daily Overheads
2025-11-01,304,COST,4080,Daily Wages
2025-11-01,304,REVENUE,6103.846153846154,Deposit for #588
2025-11-01,304,REVENUE,4008.461538461539,Final payment for #556 (10% late penalty applied)
2025-11-02,305,COST,300,Daily Overheads
2025-11-02,305,COST,4080,Daily Wages
2025-11-02,305,REVENUE,5238.461538461539,Deposit for #591
2025-11-03,306,COST,300,Daily Overheads
2025-11-03,306,COST,4080,Daily Wages
2025-11-03,306,REVENUE,7015.384615384615,Deposit for #592
2025-11-03,306,REVENUE,4361.538461538461,Final payment for #555 (10% late penalty applied)
2025-11-03,306,COST,12000,Reordered 10 m³ of Tasmanian Oak
2025-11-04,307,COST,300,Daily Overheads
2025-11-04,307,COST,4080,Daily Wages
2025-11-04,307,REVENUE,4546.153846153846,Deposit for #594
2025-11-05,308,COST,300,Daily Overheads
2025-11-05,308,COST,4080,Daily Wages
2025-11-05,308,REVENUE,2469.2307692307695,Deposit for #596
2025-11-05,308,REVENUE,4797.692307692308,Final payment for #551 (10% late penalty applied)
2025-11-05,308,REVENUE,6905.769230769231,Final payment for #552 (10% late penalty applied)
2025-11-06,309,COST,300,Daily Overheads
2025-11-06,309,COST,4080,Daily Wages
2025-11-06,309,REVENUE,6103.846153846154,Deposit for #598
2025-11-06,309,REVENUE,4546.153846153846,Deposit for #599
2025-11-07,310,COST,300,Daily Overheads
2025-11-07,310,COST,4080,Daily Wages
2025-11-07,310,REVENUE,5723.076923076924,Final payment for #557
2025-11-08,311,COST,300,Daily Overheads
2025-11-08,311,COST,4080,Daily Wages
2025-11-08,311,REVENUE,4444.615384615385,Final payment for #568 (10% late penalty applied)
2025-11-09,312,COST,300,Daily Overheads
2025-11-09,312,COST,4080,Daily Wages
2025-11-09,312,REVENUE,4938.461538461539,Deposit for #603
2025-11-09,312,REVENUE,5630.7692307692305,Deposit for #604
2025-11-09,312,REVENUE,5067.692307692308,Final payment for #559 (10% late penalty applied)
2025-11-09,312,REVENUE,6023.076923076924,Final payment for #567
2025-11-09,312,COST,20000,Reordered 8 m³ of American Walnut
2025-11-10,313,COST,300,Daily Overheads
2025-11-10,313,COST,4080,Daily Wages
2025-11-10,313,REVENUE,3738.461538461539,Final payment for #570 (10% late penalty applied)
2025-11-11,314,COST,300,Daily Overheads
2025-11-11,314,COST,4080,Daily Wages
2025-11-11,314,REVENUE,2222.3076923076924,Final payment for #574 (10% late penalty applied)
2025-11-12,315,COST,300,Daily Overheads
2025-11-12,315,COST,4080,Daily Wages
2025-11-12,315,REVENUE,6103.846153846154,Deposit for #609
2025-11-12,315,REVENUE,2575.3846153846157,Final payment for #573 (10% late penalty applied)
2025-11-12,315,REVENUE,2357.3076923076924,Final payment for #575 (10% late penalty applied)
2025-11-12,315,COST,11200,Reordered 8 m³ of Victorian Ash
2025-11-13,316,COST,300,Daily Overheads
2025-11-13,316,COST,4080,Daily Wages
2025-11-13,316,REVENUE,3099.8076923076924,Final payment for #577 (10% late penalty applied)
2025-11-14,317,COST,300,Daily Overheads
2025-11-14,317,COST,4080,Daily Wages
2025-11-15,318,COST,300,Daily Overheads
2025-11-15,318,COST,4080,Daily Wages
2025-11-15,318,REVENUE,7015.384615384615,Final payment for #569
2025-11-16,319,COST,300,Daily Overheads
2025-11-16,319,COST,4080,Daily Wages
2025-11-16,319,REVENUE,2861.538461538462,Deposit for #617
2025-11-16,319,REVENUE,2710.3846153846157,Final payment for #581 (10% late penalty applied)
2025-11-17,320,COST,300,Daily Overheads
2025-11-17,320,COST,4080,Daily Wages
2025-11-18,321,COST,300,Daily Overheads
2025-11-18,321,COST,4080,Daily Wages
2025-11-18,321,REVENUE,5493.461538461539,Final payment for #584 (10% late penalty applied)
2025-11-18,321,COST,20000,Reordered 8 m³ of American Walnut
2025-11-19,322,COST,300,Daily Overheads
2025-11-19,322,COST,4080,Daily Wages
2025-11-19,322,REVENUE,5493.461538461539,Final payment for #588 (10% late penalty applied)
2025-11-19,322,COST,12000,Reordered 10 m³ of Tasmanian Oak
2025-11-20,323,COST,300,Daily Overheads
2025-11-20,323,COST,4080,Daily Wages
2025-11-20,323,REVENUE,5330.7692307692305,Deposit for #622
2025-11-21,324,COST,300,Daily Overheads
2025-11-21,324,COST,4080,Daily Wages
2025-11-21,324,REVENUE,6552.692307692308,Final payment for #579 (10% late penalty applied)
2025-11-21,324,REVENUE,2222.3076923076924,Final payment for #596 (10% late penalty applied)
2025-11-22,325,COST,300,Daily Overheads
2025-11-22,325,COST,4080,Daily Wages
2025-11-22,325,REVENUE,6552.692307692308,Final payment for #582 (10% late penalty applied)
2025-11-22,325,REVENUE,4714.615384615385,Final payment for #591 (10% late penalty applied)
2025-11-23,326,COST,300,Daily Overheads
2025-11-23,326,COST,4080,Daily Wages
2025-11-24,327,COST,300,Daily Overheads
2025-11-24,327,COST,4080,Daily Wages
2025-11-24,327,REVENUE,5630.7692307692305,Deposit for #627
2025-11-25,328,COST,300,Daily Overheads
2025-11-25,328,COST,4080,Daily Wages
2025-11-26,329,COST,300,Daily Overheads
2025-11-26,329,COST,4080,Daily Wages
2025-11-26,329,REVENUE,7015.384615384615,Final payment for #592
2025-11-26,329,REVENUE,4091.538461538461,Final payment for #594 (10% late penalty applied)
2025-11-27,330,COST,300,Daily Overheads
2025-11-27,330,COST,4080,Daily Wages
2025-11-27,330,REVENUE,2469.2307692307695,Deposit for #632
2025-11-27,330,REVENUE,5493.461538461539,Final payment for #598 (10% late penalty applied)
2025-11-28,331,COST,300,Daily Overheads
2025-11-28,331,COST,4080,Daily Wages
2025-11-28,331,REVENUE,4846.153846153846,Deposit for #633
2025-11-29,332,COST,300,Daily Overheads
2025-11-29,332,COST,4080,Daily Wages
2025-11-29,332,REVENUE,2861.538461538462,Final payment for #617
2025-11-30,333,COST,300,Daily Overheads
2025-11-30,333,COST,4080,Daily Wages
2025-11-30,333,REVENUE,4091.538461538461,Final payment for #599 (10% late penalty applied)
2025-11-30,333,REVENUE,4444.615384615385,Final payment for #603 (10% late penalty applied)
2025-11-30,333,REVENUE,5493.461538461539,Final payment for #609 (10% late penalty applied)
2025-12-01,334,COST,300,Daily Overheads
2025-12-01,334,COST,4080,Daily Wages
2025-12-02,335,COST,300,Daily Overheads
2025-12-02,335,COST,4080,Daily Wages
2025-12-02,335,REVENUE,5067.692307692308,Final payment for #604 (10% late penalty applied)
2025-12-03,336,COST,300,Daily Overheads
2025-12-03,336,COST,4080,Daily Wages
2025-12-04,337,COST,300,Daily Overheads
2025-12-04,337,COST,4080,Daily Wages
2025-12-04,337,REVENUE,2469.2307692307695,Final payment for #632
2025-12-05,338,COST,300,Daily Overheads
2025-12-05,338,COST,4080,Daily Wages
2025-12-05,338,REVENUE,3011.538461538462,Deposit for #642
2025-12-06,339,COST,300,Daily Overheads
2025-12-06,339,COST,4080,Daily Wages
2025-12-07,340,COST,300,Daily Overheads
2025-12-07,340,COST,4080,Daily Wages
2025-12-07,340,REVENUE,4846.153846153846,Deposit for #644
2025-12-07,340,REVENUE,5330.7692307692305,Final payment for #622
2025-12-07,340,COST,11200,Reordered 8 m³ of Victorian Ash
2025-12-08,341,COST,300,Daily Overheads
2025-12-08,341,COST,4080,Daily Wages
2025-12-08,341,REVENUE,5630.7692307692305,Final payment for #627
2025-12-09,342,COST,300,Daily Overheads
2025-12-09,342,COST,4080,Daily Wages
2025-12-09,342,REVENUE,4846.153846153846,Deposit for #647
2025-12-09,342,REVENUE,4846.153846153846,Final payment for #633
2025-12-10,343,COST,300,Daily Overheads
2025-12-10,343,COST,4080,Daily Wages
2025-12-11,344,COST,300,Daily Overheads
2025-12-11,344,COST,4080,Daily Wages
2025-12-11,344,REVENUE,4546.153846153846,Deposit for #649
2025-12-12,345,COST,300,Daily Overheads
2025-12-12,345,COST,4080,Daily Wages
2025-12-13,346,COST,300,Daily Overheads
2025-12-13,346,COST,4080,Daily Wages
2025-12-13,346,REVENUE,4546.153846153846,Deposit for #651
2025-12-13,346,REVENUE,3011.538461538462,Final payment for #642
2025-12-14,347,COST,300,Daily Overheads
2025-12-14,347,COST,4080,Daily Wages
2025-12-14,347,REVENUE,5238.461538461539,Deposit for #654
2025-12-15,348,COST,300,Daily Overheads
2025-12-15,348,COST,4080,Daily Wages
2025-12-15,348,COST,12000,Reordered 10 m³ of Tasmanian Oak
2025-12-16,349,COST,300,Daily Overheads
2025-12-16,349,COST,4080,Daily Wages
2025-12-16,349,COST,11200,Reordered 8 m³ of Victorian Ash
2025-12-17,350,COST,300,Daily Overheads
2025-12-17,350,COST,4080,Daily Wages
2025-12-17,350,REVENUE,3011.538461538462,Deposit for #657
2025-12-17,350,REVENUE,4846.153846153846,Final payment for #644
2025-12-18,351,COST,300,Daily Overheads
2025-12-18,351,COST,4080,Daily Wages
2025-12-18,351,REVENUE,4153.846153846154,Deposit for #658
2025-12-19,352,COST,300,Daily Overheads
2025-12-19,352,COST,4080,Daily Wages
2025-12-19,352,REVENUE,2861.538461538462,Deposit for #660
2025-12-20,353,COST,300,Daily Overheads
2025-12-20,353,COST,4080,Daily Wages
2025-12-20,353,REVENUE,5238.461538461539,Deposit for #661
2025-12-21,354,COST,300,Daily Overheads
2025-12-21,354,COST,4080,Daily Wages
2025-12-21,354,REVENUE,7280.7692307692305,Deposit for #662
2025-12-21,354,REVENUE,4546.153846153846,Final payment for #649
2025-12-22,355,COST,300,Daily Overheads
2025-12-22,355,COST,4080,Daily Wages
2025-12-23,356,COST,300,Daily Overheads
2025-12-23,356,COST,4080,Daily Wages
2025-12-23,356,REVENUE,4846.153846153846,Final payment for #647
2025-12-24,357,COST,300,Daily Overheads
2025-12-24,357,COST,4080,Daily Wages
2025-12-24,357,REVENUE,4546.153846153846,Final payment for #651
2025-12-25,358,COST,300,Daily Overheads
2025-12-25,358,COST,4080,Daily Wages
2025-12-26,359,COST,300,Daily Overheads
2025-12-26,359,COST,4080,Daily Wages
2025-12-26,359,REVENUE,6103.846153846154,Deposit for #668
2025-12-27,360,COST,300,Daily Overheads
2025-12-27,360,COST,4080,Daily Wages
2025-12-27,360,REVENUE,5238.461538461539,Final payment for #654
2025-12-27,360,REVENUE,3011.538461538462,Final payment for #657
2025-12-27,360,REVENUE,4153.846153846154,Final payment for #658
2025-12-27,360,REVENUE,2861.538461538462,Final payment for #660
2025-12-28,361,COST,300,Daily Overheads
2025-12-28,361,COST,4080,Daily Wages
2025-12-28,361,REVENUE,2469.2307692307695,Deposit for #671
2025-12-28,361,REVENUE,2861.538461538462,Deposit for #672
2025-12-29,362,COST,300,Daily Overheads
2025-12-29,362,COST,4080,Daily Wages
2025-12-30,363,COST,300,Daily Overheads
2025-12-30,363,COST,4080,Daily Wages
2025-12-30,363,REVENUE,4546.153846153846,Deposit for #674
2025-12-31,364,COST,300,Daily Overheads
2025-12-31,364,COST,4080,Daily Wages
2025-12-31,364,REVENUE,6496.153846153846,Deposit for #676
2026-01-01,365,COST,300,Daily Overheads
2026-01-01,365,COST,4080,Daily Wages
2026-01-01,365,REVENUE,5238.461538461539,Final payment for #661
2026-01-02,366,COST,300,Daily Overheads
2026-01-02,366,COST,4080,Daily Wages
2026-01-02,366,REVENUE,6496.153846153846,Deposit for #679
2026-01-02,366,COST,20000,Reordered 8 m³ of American Walnut
2026-01-03,367,COST,300,Daily Overheads
2026-01-03,367,COST,4080,Daily Wages
2026-01-03,367,REVENUE,4546.153846153846,Deposit for #680
2026-01-03,367,REVENUE,2469.2307692307695,Final payment for #671
2026-01-04,368,COST,300,Daily Overheads
2026-01-04,368,COST,4080,Daily Wages
2026-01-04,368,REVENUE,7280.7692307692305,Final payment for #662
2026-01-04,368,REVENUE,6103.846153846154,Final payment for #668
2026-01-05,369,COST,300,Daily Overheads
2026-01-05,369,COST,4080,Daily Wages
2026-01-05,369,REVENUE,6888.461538461539,Deposit for #684
2026-01-05,369,COST,12000,Reordered 10 m³ of Tasmanian Oak
2026-01-06,370,COST,300,Daily Overheads
2026-01-06,370,COST,4080,Daily Wages
2026-01-06,370,REVENUE,7280.7692307692305,Deposit for #686
2026-01-07,371,COST,300,Daily Overheads
2026-01-07,371,COST,4080,Daily Wages
2026-01-07,371,REVENUE,2861.538461538462,Final payment for #672
2026-01-08,372,COST,300,Daily Overheads
2026-01-08,372,COST,4080,Daily Wages
2026-01-09,373,COST,300,Daily Overheads
2026-01-09,373,COST,4080,Daily Wages
2026-01-09,373,COST,20000,Reordered 8 m³ of American Walnut
2026-01-10,374,COST,300,Daily Overheads
2026-01-10,374,COST,4080,Daily Wages
2026-01-10,374,REVENUE,5330.7692307692305,Deposit for #691
2026-01-10,374,REVENUE,4546.153846153846,Final payment for #674
2026-01-11,375,COST,300,Daily Overheads
2026-01-11,375,COST,4080,Daily Wages
2026-01-11,375,REVENUE,2619.2307692307695,Deposit for #692
2026-01-12,376,COST,300,Daily Overheads
2026-01-12,376,COST,4080,Daily Wages
2026-01-13,377,COST,300,Daily Overheads
2026-01-13,377,COST,4080,Daily Wages
2026-01-13,377,REVENUE,6023.076923076924,Deposit for #695
2026-01-13,377,REVENUE,6496.153846153846,Final payment for #679
2026-01-13,377,REVENUE,4546.153846153846,Final payment for #680
2026-01-14,378,COST,300,Daily Overheads
2026-01-14,378,COST,4080,Daily Wages
2026-01-15,379,COST,300,Daily Overheads
2026-01-15,379,COST,4080,Daily Wages
2026-01-16,380,COST,300,Daily Overheads
2026-01-16,380,COST,4080,Daily Wages
2026-01-16,380,REVENUE,9940.384615384615,Deposit for #701
2026-01-16,380,REVENUE,6496.153846153846,Final payment for #676
2026-01-17,381,COST,300,Daily Overheads
2026-01-17,381,COST,4080,Daily Wages
2026-01-17,381,REVENUE,6888.461538461539,Final payment for #684
2026-01-18,382,COST,300,Daily Overheads
2026-01-18,382,COST,4080,Daily Wages
2026-01-18,382,REVENUE,2619.2307692307695,Final payment for #692
2026-01-19,383,COST,300,Daily Overheads
2026-01-19,383,COST,4080,Daily Wages
2026-01-20,384,COST,300,Daily Overheads
2026-01-20,384,COST,4080,Daily Wages
2026-01-20,384,REVENUE,4600,Deposit for #707
2026-01-21,385,COST,300,Daily Overheads
2026-01-21,385,COST,3840,Daily Wages
2026-01-21,385,REVENUE,7280.7692307692305,Final payment for #686
2026-01-22,386,COST,300,Daily Overheads
2026-01-22,386,COST,3840,Daily Wages
2026-01-22,386,REVENUE,6100,Deposit for #709
2026-01-23,387,COST,300,Daily Overheads
2026-01-23,387,COST,3840,Daily Wages
2026-01-23,387,REVENUE,4200,Deposit for #711
2026-01-24,388,COST,300,Daily Overheads
2026-01-24,388,COST,3840,Daily Wages
2026-01-24,388,REVENUE,5330.7692307692305,Final payment for #691
2026-01-25,389,COST,300,Daily Overheads
2026-01-25,389,COST,3840,Daily Wages
2026-01-25,389,REVENUE,4900,Deposit for #713
2026-01-25,389,COST,11200,Reordered 8 m³ of Victorian Ash
2026-01-26,390,COST,300,Daily Overheads
2026-01-26,390,COST,3840,Daily Wages
2026-01-27,391,COST,300,Daily Overheads
2026-01-27,391,COST,3840,Daily Wages
2026-01-28,392,COST,300,Daily Overheads
2026-01-28,392,COST,3840,Daily Wages
2026-01-28,392,REVENUE,6150,Deposit for #719
2026-01-28,392,REVENUE,6023.076923076924,Final payment for #695
2026-01-29,393,COST,300,Daily Overheads
2026-01-29,393,COST,3840,Daily Wages
2026-01-29,393,REVENUE,4900,Deposit for #721
2026-01-30,394,COST,300,Daily Overheads
2026-01-30,394,COST,3840,Daily Wages
2026-01-30,394,REVENUE,5630.7692307692305,Deposit for #722
2026-01-31,395,COST,300,Daily Overheads
2026-01-31,395,COST,4080,Daily Wages
2026-01-31,395,REVENUE,6888.461538461539,Deposit for #723
2026-02-01,396,COST,300,Daily Overheads
2026-02-01,396,COST,4080,Daily Wages
2026-02-01,396,REVENUE,4600,Final payment for #707
2026-02-01,396,REVENUE,4200,Final payment for #711
2026-02-02,397,COST,300,Daily Overheads
2026-02-02,397,COST,4080,Daily Wages
2026-02-02,397,COST,11200,Reordered 8 m³ of Victorian Ash
2026-02-03,398,COST,300,Daily Overheads
2026-02-03,398,COST,4080,Daily Wages
2026-02-04,399,COST,300,Daily Overheads
2026-02-04,399,COST,4080,Daily Wages
2026-02-04,399,REVENUE,4153.846153846154,Deposit for #727
2026-02-05,400,COST,300,Daily Overheads
2026-02-05,400,COST,4080,Daily Wages
2026-02-05,400,REVENUE,5238.461538461539,Deposit for #728
2026-02-06,401,COST,300,Daily Overheads
2026-02-06,401,COST,4080,Daily Wages
2026-02-06,401,REVENUE,2861.538461538462,Deposit for #730
2026-02-06,401,REVENUE,9940.384615384615,Final payment for #701
2026-02-07,402,COST,300,Daily Overheads
2026-02-07,402,COST,4080,Daily Wages
2026-02-07,402,REVENUE,4900,Final payment for #713
2026-02-08,403,COST,300,Daily Overheads
2026-02-08,403,COST,4080,Daily Wages
2026-02-08,403,REVENUE,7280.7692307692305,Deposit for #732
2026-02-08,403,REVENUE,6150,Final payment for #719
2026-02-09,404,COST,300,Daily Overheads
2026-02-09,404,COST,4080,Daily Wages
2026-02-09,404,REVENUE,5330.7692307692305,Deposit for #734
2026-02-10,405,COST,300,Daily Overheads
2026-02-10,405,COST,4080,Daily Wages
2026-02-11,406,COST,300,Daily Overheads
2026-02-11,406,COST,4080,Daily Wages
2026-02-11,406,REVENUE,4546.153846153846,Deposit for #736
2026-02-11,406,REVENUE,4453.846153846154,Deposit for #737
2026-02-11,406,REVENUE,6100,Final payment for #709
2026-02-11,406,COST,20000,Reordered 8 m³ of American Walnut
2026-02-12,407,COST,300,Daily Overheads
2026-02-12,407,COST,4080,Daily Wages
2026-02-12,407,REVENUE,5238.461538461539,Deposit for #738
2026-02-12,407,REVENUE,6888.461538461539,Final payment for #723
2026-02-12,407,COST,12000,Reordered 10 m³ of Tasmanian Oak
2026-02-13,408,COST,300,Daily Overheads
2026-02-13,408,COST,4080,Daily Wages
2026-02-13,408,REVENUE,5630.7692307692305,Final payment for #722
2026-02-13,408,REVENUE,4153.846153846154,Final payment for #727
2026-02-14,409,COST,300,Daily Overheads
2026-02-14,409,COST,4080,Daily Wages
2026-02-14,409,REVENUE,2861.538461538462,Deposit for #740
2026-02-14,409,REVENUE,4900,Final payment for #721
2026-02-15,410,COST,300,Daily Overheads
2026-02-15,410,COST,4080,Daily Wages
2026-02-16,411,COST,300,Daily Overheads
2026-02-16,411,COST,4080,Daily Wages
2026-02-16,411,REVENUE,5238.461538461539,Final payment for #728
2026-02-16,411,REVENUE,2861.538461538462,Final payment for #730
2026-02-17,412,COST,300,Daily Overheads
2026-02-17,412,COST,4080,Daily Wages
2026-02-17,412,REVENUE,6496.153846153846,Deposit for #743
2026-02-18,413,COST,300,Daily Overheads
2026-02-18,413,COST,4080,Daily Wages
2026-02-19,414,COST,300,Daily Overheads
2026-02-19,414,COST,4080,Daily Wages
2026-02-19,414,REVENUE,4846.153846153846,Deposit for #746
2026-02-20,415,COST,300,Daily Overheads
2026-02-20,415,COST,4080,Daily Wages
2026-02-20,415,REVENUE,9940.384615384615,Deposit for #748
2026-02-21,416,COST,300,Daily Overheads
2026-02-21,416,COST,4080,Daily Wages
2026-02-21,416,REVENUE,4453.846153846154,Final payment for #737
2026-02-21,416,COST,11200,Reordered 8 m³ of Victorian Ash
2026-02-22,417,COST,300,Daily Overheads
2026-02-22,417,COST,4080,Daily Wages
2026-02-22,417,REVENUE,4546.153846153846,Final payment for #736
2026-02-23,418,COST,300,Daily Overheads
2026-02-23,418,COST,4080,Daily Wages
2026-02-23,418,REVENUE,7280.7692307692305,Final payment for #732
2026-02-23,418,REVENUE,5330.7692307692305,Final payment for #734
2026-02-23,418,REVENUE,5238.461538461539,Final payment for #738
2026-02-24,419,COST,300,Daily Overheads
2026-02-24,419,COST,4080,Daily Wages
2026-02-24,419,REVENUE,3836.538461538462,Deposit for #753
2026-02-24,419,REVENUE,2861.538461538462,Final payment for #740
2026-02-25,420,COST,300,Daily Overheads
2026-02-25,420,COST,4080,Daily Wages
2026-02-25,420,REVENUE,6023.076923076924,Deposit for #755
2026-02-26,421,COST,300,Daily Overheads
2026-02-26,421,COST,4080,Daily Wages
2026-02-26,421,REVENUE,9940.384615384615,Deposit for #756
2026-02-27,422,COST,300,Daily Overheads
2026-02-27,422,COST,4080,Daily Wages
2026-02-27,422,REVENUE,5723.076923076924,Deposit for #758
2026-02-27,422,REVENUE,6496.153846153846,Final payment for #743
2026-02-28,423,COST,300,Daily Overheads
2026-02-28,423,COST,4080,Daily Wages
2026-03-01,424,COST,300,Daily Overheads
2026-03-01,424,COST,4080,Daily Wages
2026-03-01,424,REVENUE,3836.538461538462,Deposit for #762
2026-03-01,424,COST,20000,Reordered 8 m³ of American Walnut
2026-03-02,425,COST,300,Daily Overheads
2026-03-02,425,COST,4080,Daily Wages
2026-03-02,425,REVENUE,4846.153846153846,Final payment for #746
2026-03-03,426,COST,300,Daily Overheads
2026-03-03,426,COST,4080,Daily Wages
2026-03-04,427,COST,300,Daily Overheads
2026-03-04,427,COST,4080,Daily Wages
2026-03-04,427,REVENUE,4938.461538461539,Deposit for #767
2026-03-05,428,COST,300,Daily Overheads
2026-03-05,428,COST,4080,Daily Wages
2026-03-05,428,REVENUE,5238.461538461539,Deposit for #768
2026-03-06,429,COST,300,Daily Overheads
2026-03-06,429,COST,4080,Daily Wages
2026-03-06,429,REVENUE,3836.538461538462,Final payment for #753
2026-03-07,430,COST,300,Daily Overheads
2026-03-07,430,COST,4080,Daily Wages
2026-03-07,430,REVENUE,4846.153846153846,Deposit for #772
2026-03-08,431,COST,300,Daily Overheads
2026-03-08,431,COST,4080,Daily Wages
2026-03-08,431,REVENUE,9940.384615384615,Final payment for #748
2026-03-09,432,COST,300,Daily Overheads
2026-03-09,432,COST,4080,Daily Wages
2026-03-10,433,COST,300,Daily Overheads
2026-03-10,433,COST,4080,Daily Wages
2026-03-11,434,COST,300,Daily Overheads
2026-03-11,434,COST,4080,Daily Wages
2026-03-11,434,REVENUE,6023.076923076924,Final payment for #755
2026-03-11,434,REVENUE,3836.538461538462,Final payment for #762
2026-03-12,435,COST,300,Daily Overheads
2026-03-12,435,COST,4080,Daily Wages
2026-03-12,435,REVENUE,5238.461538461539,Deposit for #782
2026-03-13,436,COST,300,Daily Overheads
2026-03-13,436,COST,4080,Daily Wages
2026-03-13,436,REVENUE,2469.2307692307695,Deposit for #783
2026-03-14,437,COST,300,Daily Overheads
2026-03-14,437,COST,4080,Daily Wages
2026-03-14,437,COST,11200,Reordered 8 m³ of Victorian Ash
2026-03-15,438,COST,300,Daily Overheads
2026-03-15,438,COST,4080,Daily Wages
2026-03-15,438,REVENUE,7465.384615384615,Deposit for #786
2026-03-15,438,REVENUE,9940.384615384615,Final payment for #756
2026-03-16,439,COST,300,Daily Overheads
2026-03-16,439,COST,4080,Daily Wages
2026-03-16,439,REVENUE,7673.076923076924,Deposit for #788
2026-03-16,439,REVENUE,7015.384615384615,Deposit for #789
2026-03-16,439,REVENUE,5723.076923076924,Final payment for #758
2026-03-16,439,REVENUE,4938.461538461539,Final payment for #767
2026-03-16,439,REVENUE,5238.461538461539,Final payment for #768
2026-03-17,440,COST,300,Daily Overheads
2026-03-17,440,COST,4080,Daily Wages
2026-03-17,440,REVENUE,4846.153846153846,Final payment for #772
2026-03-18,441,COST,300,Daily Overheads
2026-03-18,441,COST,4080,Daily Wages
2026-03-18,441,REVENUE,7465.384615384615,Deposit for #792
2026-03-19,442,COST,300,Daily Overheads
2026-03-19,442,COST,4080,Daily Wages
2026-03-19,442,REVENUE,5238.461538461539,Deposit for #794
2026-03-19,442,REVENUE,2469.2307692307695,Final payment for #783
2026-03-20,443,COST,300,Daily Overheads
2026-03-20,443,COST,4080,Daily Wages
2026-03-20,443,REVENUE,4938.461538461539,Deposit for #796
2026-03-20,443,COST,12000,Reordered 10 m³ of Tasmanian Oak
2026-03-21,444,COST,300,Daily Overheads
2026-03-21,444,COST,4080,Daily Wages
2026-03-21,444,COST,11200,Reordered 8 m³ of Victorian Ash
2026-03-22,445,COST,300,Daily Overheads
2026-03-22,445,COST,4080,Daily Wages
2026-03-22,445,REVENUE,6888.461538461539,Deposit for #799
2026-03-23,446,COST,300,Daily Overheads
2026-03-23,446,COST,4080,Daily Wages
2026-03-23,446,REVENUE,6023.076923076924,Deposit for #801
2026-03-23,446,REVENUE,4546.153846153846,Deposit for #802
2026-03-23,446,REVENUE,5238.461538461539,Final payment for #782
2026-03-24,447,COST,300,Daily Overheads
2026-03-24,447,COST,4080,Daily Wages
2026-03-24,447,REVENUE,6023.076923076924,Deposit for #803
2026-03-24,447,REVENUE,4546.153846153846,Deposit for #804
2026-03-25,448,COST,300,Daily Overheads
2026-03-25,448,COST,4080,Daily Wages
2026-03-25,448,REVENUE,6103.846153846154,Deposit for #806
2026-03-26,449,COST,300,Daily Overheads
2026-03-26,449,COST,4080,Daily Wages
2026-03-26,449,REVENUE,4153.846153846154,Deposit for #807
2026-03-26,449,COST,20000,Reordered 8 m³ of American Walnut
2026-03-27,450,COST,300,Daily Overheads
2026-03-27,450,COST,4080,Daily Wages
2026-03-27,450,REVENUE,4453.846153846154,Deposit for #809
2026-03-28,451,COST,300,Daily Overheads
2026-03-28,451,COST,4080,Daily Wages
2026-03-29,452,COST,300,Daily Overheads
2026-03-29,452,COST,4080,Daily Wages
2026-03-29,452,REVENUE,6888.461538461539,Deposit for #813
2026-03-29,452,REVENUE,7280.7692307692305,Deposit for #814
2026-03-30,453,COST,300,Daily Overheads
2026-03-30,453,COST,4080,Daily Wages
2026-03-30,453,REVENUE,5723.076923076924,Deposit for #816
2026-03-30,453,REVENUE,7673.076923076924,Final payment for #788
2026-03-31,454,COST,300,Daily Overheads
2026-03-31,454,COST,4080,Daily Wages
2026-03-31,454,REVENUE,7465.384615384615,Final payment for #786
2026-03-31,454,REVENUE,5238.461538461539,Final payment for #794
2026-04-01,455,COST,300,Daily Overheads
2026-04-01,455,COST,4080,Daily Wages
2026-04-01,455,REVENUE,4938.461538461539,Final payment for #796
2026-04-02,456,COST,300,Daily Overheads
2026-04-02,456,COST,4080,Daily Wages
2026-04-02,456,REVENUE,6496.153846153846,Deposit for #820
2026-04-03,457,COST,300,Daily Overheads
2026-04-03,457,COST,4080,Daily Wages
2026-04-03,457,REVENUE,4938.461538461539,Deposit for #822
2026-04-03,457,REVENUE,7015.384615384615,Final payment for #789
2026-04-03,457,COST,12000,Reordered 10 m³ of Tasmanian Oak
2026-04-04,458,COST,300,Daily Overheads
2026-04-04,458,COST,4080,Daily Wages
2026-04-04,458,REVENUE,4153.846153846154,Deposit for #824
2026-04-05,459,COST,300,Daily Overheads
2026-04-05,459,COST,4080,Daily Wages
2026-04-05,459,REVENUE,7465.384615384615,Final payment for #792
2026-04-05,459,COST,11200,Reordered 8 m³ of Victorian Ash
2026-04-06,460,COST,300,Daily Overheads
2026-04-06,460,COST,4080,Daily Wages
2026-04-06,460,REVENUE,4846.153846153846,Deposit for #828
2026-04-06,460,REVENUE,2619.2307692307695,Deposit for #829
2026-04-06,460,REVENUE,6888.461538461539,Final payment for #799
2026-04-06,460,REVENUE,6023.076923076924,Final payment for #801
2026-04-07,461,COST,300,Daily Overheads
2026-04-07,461,COST,4080,Daily Wages
2026-04-07,461,REVENUE,7280.7692307692305,Deposit for #830
2026-04-08,462,COST,300,Daily Overheads
2026-04-08,462,COST,4080,Daily Wages
2026-04-08,462,REVENUE,5630.7692307692305,Deposit for #833
2026-04-08,462,REVENUE,4546.153846153846,Final payment for #802
2026-04-09,463,COST,300,Daily Overheads
2026-04-09,463,COST,4080,Daily Wages
2026-04-09,463,REVENUE,6496.153846153846,Deposit for #834
2026-04-09,463,REVENUE,4938.461538461539,Deposit for #835
2026-04-09,463,REVENUE,4546.153846153846,Final payment for #804
2026-04-09,463,COST,20000,Reordered 8 m³ of American Walnut
2026-04-10,464,COST,300,Daily Overheads
2026-04-10,464,COST,4080,Daily Wages
2026-04-10,464,REVENUE,4546.153846153846,Deposit for #837
2026-04-10,464,REVENUE,6103.846153846154,Final payment for #806
2026-04-11,465,COST,300,Daily Overheads
2026-04-11,465,COST,4080,Daily Wages
2026-04-11,465,REVENUE,4153.846153846154,Final payment for #807
2026-04-12,466,COST,300,Daily Overheads
2026-04-12,466,COST,4080,Daily Wages
2026-04-12,466,REVENUE,5330.7692307692305,Deposit for #841
2026-04-13,467,COST,300,Daily Overheads
2026-04-13,467,COST,4080,Daily Wages
2026-04-13,467,REVENUE,7280.7692307692305,Deposit for #843
2026-04-13,467,REVENUE,4008.461538461539,Final payment for #809 (10% late penalty applied)
2026-04-14,468,COST,300,Daily Overheads
2026-04-14,468,COST,4080,Daily Wages
2026-04-15,469,COST,300,Daily Overheads
2026-04-15,469,COST,4080,Daily Wages
2026-04-15,469,REVENUE,7280.7692307692305,Deposit for #846
2026-04-15,469,REVENUE,3011.538461538462,Deposit for #847
2026-04-15,469,REVENUE,6023.076923076924,Final payment for #803
2026-04-16,470,COST,300,Daily Overheads
2026-04-16,470,COST,4080,Daily Wages
2026-04-16,470,REVENUE,4453.846153846154,Deposit for #849
2026-04-16,470,REVENUE,6199.615384615385,Final payment for #813 (10% late penalty applied)
2026-04-17,471,COST,300,Daily Overheads
2026-04-17,471,COST,4080,Daily Wages
2026-04-17,471,REVENUE,5238.461538461539,Deposit for #850
2026-04-17,471,REVENUE,4938.461538461539,Deposit for #851
2026-04-18,472,COST,300,Daily Overheads
2026-04-18,472,COST,4080,Daily Wages
2026-04-18,472,REVENUE,4453.846153846154,Deposit for #852
2026-04-18,472,REVENUE,7280.7692307692305,Final payment for #814
2026-04-18,472,REVENUE,6496.153846153846,Final payment for #820
2026-04-18,472,REVENUE,4938.461538461539,Final payment for #822
2026-04-18,472,REVENUE,4153.846153846154,Final payment for #824
2026-04-18,472,COST,12000,Reordered 10 m³ of Tasmanian Oak
2026-04-19,473,COST,300,Daily Overheads
2026-04-19,473,COST,4080,Daily Wages
2026-04-19,473,REVENUE,6888.461538461539,Deposit for #854
2026-04-19,473,REVENUE,6888.461538461539,Deposit for #855
2026-04-20,474,COST,300,Daily Overheads
2026-04-20,474,COST,4080,Daily Wages
2026-04-20,474,REVENUE,5630.7692307692305,Deposit for #856
2026-04-21,475,COST,300,Daily Overheads
2026-04-21,475,COST,4080,Daily Wages
2026-04-21,475,REVENUE,5723.076923076924,Final payment for #816
2026-04-21,475,REVENUE,2357.3076923076924,Final payment for #829 (10% late penalty applied)
2026-04-22,476,COST,300,Daily Overheads
2026-04-22,476,COST,4080,Daily Wages
2026-04-22,476,REVENUE,7015.384615384615,Deposit for #860
2026-04-22,476,REVENUE,4846.153846153846,Final payment for #828
2026-04-22,476,COST,20000,Reordered 8 m³ of American Walnut
2026-04-23,477,COST,300,Daily Overheads
2026-04-23,477,COST,4080,Daily Wages
2026-04-24,478,COST,300,Daily Overheads
2026-04-24,478,COST,4080,Daily Wages
2026-04-24,478,REVENUE,2619.2307692307695,Deposit for #864
2026-04-25,479,COST,300,Daily Overheads
2026-04-25,479,COST,4080,Daily Wages
2026-04-26,480,COST,300,Daily Overheads
2026-04-26,480,COST,4080,Daily Wages
2026-04-26,480,REVENUE,4938.461538461539,Deposit for #867
2026-04-26,480,REVENUE,6496.153846153846,Final payment for #834
2026-04-26,480,REVENUE,4938.461538461539,Final payment for #835
2026-04-26,480,COST,11200,Reordered 8 m³ of Victorian Ash
2026-04-27,481,COST,300,Daily Overheads
2026-04-27,481,COST,4080,Daily Wages
2026-04-27,481,REVENUE,7280.7692307692305,Final payment for #830
2026-04-28,482,COST,300,Daily Overheads
2026-04-28,482,COST,4080,Daily Wages
2026-04-28,482,REVENUE,4091.538461538461,Final payment for #837 (10% late penalty applied)
2026-04-29,483,COST,300,Daily Overheads
2026-04-29,483,COST,4080,Daily Wages
2026-04-29,483,REVENUE,3444.2307692307695,Deposit for #873
2026-04-29,483,REVENUE,4546.153846153846,Deposit for #874
2026-04-29,483,REVENUE,5630.7692307692305,Final payment for #833
2026-04-30,484,COST,300,Daily Overheads
2026-04-30,484,COST,4080,Daily Wages
2026-04-30,484,REVENUE,7280.7692307692305,Deposit for #876
2026-05-01,485,COST,300,Daily Overheads
2026-05-01,485,COST,4080,Daily Wages
2026-05-02,486,COST,300,Daily Overheads
2026-05-02,486,COST,4080,Daily Wages
2026-05-02,486,REVENUE,6496.153846153846,Deposit for #879
2026-05-02,486,REVENUE,7280.7692307692305,Final payment for #843
2026-05-03,487,COST,300,Daily Overheads
2026-05-03,487,COST,4080,Daily Wages
2026-05-03,487,REVENUE,6023.076923076924,Deposit for #880
2026-05-03,487,REVENUE,5330.7692307692305,Final payment for #841
2026-05-03,487,REVENUE,2710.3846153846157,Final payment for #847 (10% late penalty applied)
2026-05-04,488,COST,300,Daily Overheads
2026-05-04,488,COST,4080,Daily Wages
2026-05-04,488,REVENUE,7280.7692307692305,Deposit for #882
2026-05-04,488,REVENUE,5630.7692307692305,Deposit for #883
2026-05-04,488,REVENUE,4008.461538461539,Final payment for #849 (10% late penalty applied)
2026-05-05,489,COST,300,Daily Overheads
2026-05-05,489,COST,4080,Daily Wages
2026-05-05,489,REVENUE,4153.846153846154,Deposit for #884
2026-05-05,489,REVENUE,7280.7692307692305,Final payment for #846
2026-05-06,490,COST,300,Daily Overheads
2026-05-06,490,COST,4080,Daily Wages
2026-05-06,490,REVENUE,3011.538461538462,Deposit for #885
2026-05-06,490,REVENUE,6496.153846153846,Deposit for #886
2026-05-06,490,REVENUE,4714.615384615385,Final payment for #850 (10% late penalty applied)
2026-05-06,490,REVENUE,4008.461538461539,Final payment for #852 (10% late penalty applied)
2026-05-06,490,COST,11200,Reordered 8 m³ of Victorian Ash
2026-05-07,491,COST,300,Daily Overheads
2026-05-07,491,COST,4080,Daily Wages
2026-05-07,491,REVENUE,4444.615384615385,Final payment for #851 (10% late penalty applied)
2026-05-08,492,COST,300,Daily Overheads
2026-05-08,492,COST,4080,Daily Wages
2026-05-09,493,COST,300,Daily Overheads
2026-05-09,493,COST,4080,Daily Wages
2026-05-09,493,COST,12000,Reordered 10 m³ of Tasmanian Oak
2026-05-10,494,COST,300,Daily Overheads
2026-05-10,494,COST,4080,Daily Wages
2026-05-10,494,REVENUE,6199.615384615385,Final payment for #854 (10% late penalty applied)
2026-05-10,494,COST,20000,Reordered 8 m³ of American Walnut
2026-05-11,495,COST,300,Daily Overheads
2026-05-11,495,COST,4080,Daily Wages
2026-05-11,495,REVENUE,6103.846153846154,Deposit for #891
2026-05-11,495,REVENUE,2357.3076923076924,Final payment for #864 (10% late penalty applied)
2026-05-12,496,COST,300,Daily Overheads
2026-05-12,496,COST,4080,Daily Wages
2026-05-12,496,REVENUE,6496.153846153846,Deposit for #892
2026-05-12,496,REVENUE,6199.615384615385,Final payment for #855 (10% late penalty applied)
2026-05-12,496,REVENUE,3099.8076923076924,Final payment for #873 (10% late penalty applied)
2026-05-13,497,COST,300,Daily Overheads
2026-05-13,497,COST,4080,Daily Wages
2026-05-14,498,COST,300,Daily Overheads
2026-05-14,498,COST,4080,Daily Wages
2026-05-14,498,REVENUE,6888.461538461539,Deposit for #894
2026-05-15,499,COST,300,Daily Overheads
2026-05-15,499,COST,4080,Daily Wages
2026-05-16,500,COST,300,Daily Overheads
2026-05-16,500,COST,4080,Daily Wages
2026-05-17,501,COST,300,Daily Overheads
2026-05-17,501,COST,4080,Daily Wages
2026-05-17,501,REVENUE,5067.692307692308,Final payment for #856 (10% late penalty applied)
2026-05-17,501,REVENUE,4444.615384615385,Final payment for #867 (10% late penalty applied)
2026-05-17,501,REVENUE,4091.538461538461,Final payment for #874 (10% late penalty applied)
2026-05-18,502,COST,300,Daily Overheads
2026-05-18,502,COST,4080,Daily Wages
2026-05-18,502,REVENUE,6313.846153846153,Final payment for #860 (10% late penalty applied)
2026-05-19,503,COST,300,Daily Overheads
2026-05-19,503,COST,4080,Daily Wages
2026-05-19,503,REVENUE,6496.153846153846,Final payment for #879
2026-05-19,503,COST,20000,Reordered 8 m³ of American Walnut
2026-05-20,504,COST,300,Daily Overheads
2026-05-20,504,COST,4080,Daily Wages
2026-05-20,504,REVENUE,7673.076923076924,Deposit for #900
2026-05-21,505,COST,300,Daily Overheads
2026-05-21,505,COST,4080,Daily Wages
2026-05-22,506,COST,300,Daily Overheads
2026-05-22,506,COST,4080,Daily Wages
2026-05-22,506,REVENUE,4846.153846153846,Deposit for #902
2026-05-23,507,COST,300,Daily Overheads
2026-05-23,507,COST,4080,Daily Wages
2026-05-23,507,REVENUE,6552.692307692308,Final payment for #876 (10% late penalty applied)
2026-05-23,507,REVENUE,7280.7692307692305,Final payment for #882
2026-05-24,508,COST,300,Daily Overheads
2026-05-24,508,COST,4080,Daily Wages
2026-05-24,508,REVENUE,3738.461538461539,Final payment for #884 (10% late penalty applied)
2026-05-24,508,REVENUE,2710.3846153846157,Final payment for #885 (10% late penalty applied)
2026-05-24,508,COST,20000,Reordered 8 m³ of American Walnut
2026-05-24,508,COST,11200,Reordered 8 m³ of Victorian Ash
2026-05-25,509,COST,300,Daily Overheads
2026-05-25,509,COST,4080,Daily Wages
2026-05-25,509,REVENUE,6023.076923076924,Final payment for #880
2026-05-26,510,COST,300,Daily Overheads
2026-05-26,510,COST,4080,Daily Wages
2026-05-26,510,REVENUE,7280.7692307692305,Deposit for #906
2026-05-26,510,REVENUE,5846.538461538461,Final payment for #886 (10% late penalty applied)
2026-05-27,511,COST,300,Daily Overheads
2026-05-27,511,COST,4080,Daily Wages
2026-05-28,512,COST,300,Daily Overheads
2026-05-28,512,COST,4080,Daily Wages
2026-05-28,512,REVENUE,5067.692307692308,Final payment for #883 (10% late penalty applied)
2026-05-28,512,REVENUE,5493.461538461539,Final payment for #891 (10% late penalty applied)
2026-05-29,513,COST,300,Daily Overheads
2026-05-29,513,COST,4080,Daily Wages
2026-05-29,513,REVENUE,4546.153846153846,Deposit for #911
2026-05-30,514,COST,300,Daily Overheads
2026-05-30,514,COST,4080,Daily Wages
2026-05-30,514,REVENUE,5800,Deposit for #913
2026-05-31,515,COST,300,Daily Overheads
2026-05-31,515,COST,3840,Daily Wages
2026-06-01,516,COST,300,Daily Overheads
2026-06-01,516,COST,3840,Daily Wages
2026-06-01,516,REVENUE,5300,Deposit for #915
2026-06-02,517,COST,300,Daily Overheads
2026-06-02,517,COST,3840,Daily Wages
2026-06-03,518,COST,300,Daily Overheads
2026-06-03,518,COST,3840,Daily Wages
2026-06-03,518,REVENUE,5846.538461538461,Final payment for #892 (10% late penalty applied)
2026-06-03,518,REVENUE,6199.615384615385,Final payment for #894 (10% late penalty applied)
2026-06-03,518,REVENUE,4846.153846153846,Final payment for #902
2026-06-04,519,COST,300,Daily Overheads
2026-06-04,519,COST,3840,Daily Wages
2026-06-04,519,REVENUE,7673.076923076924,Final payment for #900
2026-06-05,520,COST,300,Daily Overheads
2026-06-05,520,COST,4080,Daily Wages
2026-06-06,521,COST,300,Daily Overheads
2026-06-06,521,COST,4080,Daily Wages
2026-06-07,522,COST,300,Daily Overheads
2026-06-07,522,COST,4080,Daily Wages
2026-06-08,523,COST,300,Daily Overheads
2026-06-08,523,COST,4080,Daily Wages
2026-06-08,523,REVENUE,4453.846153846154,Deposit for #922
2026-06-08,523,REVENUE,4546.153846153846,Final payment for #911
2026-06-09,524,COST,300,Daily Overheads
2026-06-09,524,COST,4080,Daily Wages
2026-06-09,524,REVENUE,4846.153846153846,Deposit for #923
2026-06-09,524,REVENUE,7280.7692307692305,Final payment for #906
2026-06-10,525,COST,300,Daily Overheads
2026-06-10,525,COST,4080,Daily Wages
2026-06-10,525,REVENUE,6103.846153846154,Deposit for #924
2026-06-11,526,COST,300,Daily Overheads
2026-06-11,526,COST,4080,Daily Wages
2026-06-11,526,REVENUE,7465.384615384615,Deposit for #925
2026-06-12,527,COST,300,Daily Overheads
2026-06-12,527,COST,4080,Daily Wages
2026-06-13,528,COST,300,Daily Overheads
2026-06-13,528,COST,4080,Daily Wages
2026-06-13,528,REVENUE,4846.153846153846,Deposit for #927
2026-06-14,529,COST,300,Daily Overheads
2026-06-14,529,COST,4080,Daily Wages
2026-06-14,529,REVENUE,4546.153846153846,Deposit for #928
2026-06-14,529,REVENUE,5300,Final payment for #915
2026-06-14,529,COST,11200,Reordered 8 m³ of Victorian Ash
2026-06-15,530,COST,300,Daily Overheads
2026-06-15,530,COST,4080,Daily Wages
2026-06-15,530,REVENUE,5800,Final payment for #913
2026-06-16,531,COST,300,Daily Overheads
2026-06-16,531,COST,4080,Daily Wages
2026-06-16,531,REVENUE,6023.076923076924,Deposit for #930
2026-06-17,532,COST,300,Daily Overheads
2026-06-17,532,COST,4080,Daily Wages
2026-06-17,532,REVENUE,7280.7692307692305,Deposit for #931
2026-06-17,532,REVENUE,4453.846153846154,Final payment for #922
2026-06-18,533,COST,300,Daily Overheads
2026-06-18,533,COST,4080,Daily Wages
2026-06-19,534,COST,300,Daily Overheads
2026-06-19,534,COST,4080,Daily Wages
2026-06-19,534,REVENUE,6103.846153846154,Final payment for #924
2026-06-20,535,COST,300,Daily Overheads
2026-06-20,535,COST,4080,Daily Wages
2026-06-21,536,COST,300,Daily Overheads
2026-06-21,536,COST,4080,Daily Wages
2026-06-22,537,COST,300,Daily Overheads
2026-06-22,537,COST,4080,Daily Wages
2026-06-23,538,COST,300,Daily Overheads
2026-06-23,538,COST,4080,Daily Wages
2026-06-23,538,REVENUE,6496.153846153846,Deposit for #937
2026-06-23,538,REVENUE,4846.153846153846,Final payment for #923
2026-06-24,539,COST,300,Daily Overheads
2026-06-24,539,COST,4080,Daily Wages
2026-06-24,539,REVENUE,4846.153846153846,Final payment for #927
2026-06-25,540,COST,300,Daily Overheads
2026-06-25,540,COST,4080,Daily Wages
2026-06-25,540,REVENUE,5330.7692307692305,Deposit for #939
2026-06-25,540,COST,20000,Reordered 8 m³ of American Walnut
2026-06-26,541,COST,300,Daily Overheads
2026-06-26,541,COST,4080,Daily Wages
2026-06-26,541,REVENUE,4546.153846153846,Final payment for #928
2026-06-27,542,COST,300,Daily Overheads
2026-06-27,542,COST,4080,Daily Wages
2026-06-28,543,COST,300,Daily Overheads
2026-06-28,543,COST,4080,Daily Wages
2026-06-28,543,COST,12000,Reordered 10 m³ of Tasmanian Oak
2026-06-29,544,COST,300,Daily Overheads
2026-06-29,544,COST,4080,Daily Wages
2026-06-29,544,REVENUE,7465.384615384615,Final payment for #925
2026-06-30,545,COST,300,Daily Overheads
2026-06-30,545,COST,4080,Daily Wages
2026-06-30,545,REVENUE,3011.538461538462,Deposit for #944
2026-07-01,546,COST,300,Daily Overheads
2026-07-01,546,COST,4080,Daily Wages
2026-07-01,546,REVENUE,6023.076923076924,Final payment for #930
2026-07-01,546,REVENUE,7280.7692307692305,Final payment for #931
2026-07-02,547,COST,300,Daily Overheads
2026-07-02,547,COST,4080,Daily Wages
2026-07-03,548,COST,300,Daily Overheads
2026-07-03,548,COST,4080,Daily Wages
2026-07-04,549,COST,300,Daily Overheads
2026-07-04,549,COST,4080,Daily Wages
2026-07-04,549,REVENUE,4546.153846153846,Deposit for #948
2026-07-04,549,REVENUE,6496.153846153846,Final payment for #937
2026-07-05,550,COST,300,Daily Overheads
2026-07-05,550,COST,4080,Daily Wages
2026-07-06,551,COST,300,Daily Overheads
2026-07-06,551,COST,4080,Daily Wages
2026-07-07,552,COST,300,Daily Overheads
2026-07-07,552,COST,4080,Daily Wages
2026-07-08,553,COST,300,Daily Overheads
2026-07-08,553,COST,4080,Daily Wages
2026-07-08,553,REVENUE,3011.538461538462,Final payment for #944
2026-07-09,554,COST,300,Daily Overheads
2026-07-09,554,COST,4080,Daily Wages
2026-07-10,555,COST,300,Daily Overheads
2026-07-10,555,COST,4080,Daily Wages
2026-07-10,555,REVENUE,5330.7692307692305,Final payment for #939
2026-07-11,556,COST,300,Daily Overheads
2026-07-11,556,COST,4080,Daily Wages
2026-07-12,557,COST,300,Daily Overheads
2026-07-12,557,COST,4080,Daily Wages
2026-07-13,558,COST,300,Daily Overheads
2026-07-13,558,COST,4080,Daily Wages
2026-07-13,558,REVENUE,7280.7692307692305,Deposit for #957
2026-07-14,559,COST,300,Daily Overheads
2026-07-14,559,COST,4080,Daily Wages
2026-07-14,559,REVENUE,4546.153846153846,Final payment for #948
2026-07-15,560,COST,300,Daily Overheads
2026-07-15,560,COST,4080,Daily Wages
2026-07-16,561,COST,300,Daily Overheads
2026-07-16,561,COST,4080,Daily Wages
2026-07-17,562,COST,300,Daily Overheads
2026-07-17,562,COST,4080,Daily Wages
2026-07-17,562,REVENUE,7280.7692307692305,Deposit for #961
2026-07-18,563,COST,300,Daily Overheads
2026-07-18,563,COST,4080,Daily Wages
2026-07-19,564,COST,300,Daily Overheads
2026-07-19,564,COST,4080,Daily Wages
2026-07-19,564,REVENUE,4846.153846153846,Deposit for #963
2026-07-20,565,COST,300,Daily Overheads
2026-07-20,565,COST,4080,Daily Wages
2026-07-21,566,COST,300,Daily Overheads
2026-07-21,566,COST,4080,Daily Wages
2026-07-21,566,COST,11200,Reordered 8 m³ of Victorian Ash
2026-07-22,567,COST,300,Daily Overheads
2026-07-22,567,COST,4080,Daily Wages
2026-07-23,568,COST,300,Daily Overheads
2026-07-23,568,COST,4080,Daily Wages
2026-07-24,569,COST,300,Daily Overheads
2026-07-24,569,COST,4080,Daily Wages
2026-07-24,569,REVENUE,3011.538461538462,Deposit for #968
2026-07-24,569,REVENUE,4938.461538461539,Deposit for #969
2026-07-25,570,COST,300,Daily Overheads
2026-07-25,570,COST,4080,Daily Wages
2026-07-26,571,COST,300,Daily Overheads
2026-07-26,571,COST,4080,Daily Wages
2026-07-26,571,REVENUE,5630.7692307692305,Deposit for #971
2026-07-27,572,COST,300,Daily Overheads
2026-07-27,572,COST,4080,Daily Wages
2026-07-27,572,REVENUE,6496.153846153846,Deposit for #973
2026-07-27,572,REVENUE,7280.7692307692305,Final payment for #957
2026-07-28,573,COST,300,Daily Overheads
2026-07-28,573,COST,4080,Daily Wages
2026-07-28,573,REVENUE,5238.461538461539,Deposit for #974
2026-07-29,574,COST,300,Daily Overheads
2026-07-29,574,COST,4080,Daily Wages
2026-07-29,574,REVENUE,4846.153846153846,Final payment for #963
2026-07-30,575,COST,300,Daily Overheads
2026-07-30,575,COST,4080,Daily Wages
2026-07-31,576,COST,300,Daily Overheads
2026-07-31,576,COST,4080,Daily Wages
2026-07-31,576,REVENUE,6496.153846153846,Deposit for #977
2026-07-31,576,REVENUE,7280.7692307692305,Final payment for #961
2026-08-01,577,COST,300,Daily Overheads
2026-08-01,577,COST,4080,Daily Wages
2026-08-02,578,COST,300,Daily Overheads
2026-08-02,578,COST,4080,Daily Wages
2026-08-02,578,REVENUE,4546.153846153846,Deposit for #979
2026-08-02,578,COST,20000,Reordered 8 m³ of American Walnut
2026-08-03,579,COST,300,Daily Overheads
2026-08-03,579,COST,4080,Daily Wages
2026-08-03,579,REVENUE,3011.538461538462,Final payment for #968
2026-08-04,580,COST,300,Daily Overheads
2026-08-04,580,COST,4080,Daily Wages
2026-08-05,581,COST,300,Daily Overheads
2026-08-05,581,COST,4080,Daily Wages
2026-08-06,582,COST,300,Daily Overheads
2026-08-06,582,COST,4080,Daily Wages
2026-08-06,582,REVENUE,4938.461538461539,Final payment for #969
2026-08-07,583,COST,300,Daily Overheads
2026-08-07,583,COST,4080,Daily Wages
2026-08-07,583,REVENUE,6496.153846153846,Final payment for #973
2026-08-08,584,COST,300,Daily Overheads
2026-08-08,584,COST,4080,Daily Wages
2026-08-08,584,REVENUE,5723.076923076924,Deposit for #985
2026-08-08,584,REVENUE,5238.461538461539,Final payment for #974
2026-08-09,585,COST,300,Daily Overheads
2026-08-09,585,COST,4080,Daily Wages
2026-08-09,585,REVENUE,6496.153846153846,Deposit for #987
2026-08-09,585,REVENUE,5630.7692307692305,Final payment for #971
2026-08-10,586,COST,300,Daily Overheads
2026-08-10,586,COST,4080,Daily Wages
2026-08-11,587,COST,300,Daily Overheads
2026-08-11,587,COST,4080,Daily Wages
2026-08-11,587,REVENUE,4938.461538461539,Deposit for #989
2026-08-12,588,COST,300,Daily Overheads
2026-08-12,588,COST,4080,Daily Wages
2026-08-12,588,REVENUE,4153.846153846154,Deposit for #990
2026-08-12,588,REVENUE,6496.153846153846,Final payment for #977
2026-08-13,589,COST,300,Daily Overheads
2026-08-13,589,COST,4080,Daily Wages
2026-08-13,589,COST,12000,Reordered 10 m³ of Tasmanian Oak
2026-08-14,590,COST,300,Daily Overheads
2026-08-14,590,COST,4080,Daily Wages
2026-08-14,590,REVENUE,4153.846153846154,Deposit for #994
2026-08-15,591,COST,300,Daily Overheads
2026-08-15,591,COST,4080,Daily Wages
2026-08-16,592,COST,300,Daily Overheads
2026-08-16,592,COST,4080,Daily Wages
2026-08-16,592,REVENUE,4546.153846153846,Final payment for #979
2026-08-17,593,COST,300,Daily Overheads
2026-08-17,593,COST,4080,Daily Wages
2026-08-18,594,COST,300,Daily Overheads
2026-08-18,594,COST,4080,Daily Wages
2026-08-19,595,COST,300,Daily Overheads
2026-08-19,595,COST,4080,Daily Wages
2026-08-19,595,REVENUE,6496.153846153846,Deposit for #1001
2026-08-20,596,COST,300,Daily Overheads
2026-08-20,596,COST,4080,Daily Wages
2026-08-21,597,COST,300,Daily Overheads
2026-08-21,597,COST,4080,Daily Wages
2026-08-21,597,REVENUE,2619.2307692307695,Deposit for #1003
2026-08-21,597,REVENUE,4938.461538461539,Final payment for #989
2026-08-22,598,COST,300,Daily Overheads
2026-08-22,598,COST,4080,Daily Wages
2026-08-22,598,REVENUE,4153.846153846154,Final payment for #990
2026-08-23,599,COST,300,Daily Overheads
2026-08-23,599,COST,4080,Daily Wages
2026-08-23,599,REVENUE,6888.461538461539,Deposit for #1005
2026-08-23,599,REVENUE,5723.076923076924,Final payment for #985
2026-08-23,599,REVENUE,6496.153846153846,Final payment for #987
2026-08-24,600,COST,300,Daily Overheads
2026-08-24,600,COST,4080,Daily Wages
2026-08-24,600,REVENUE,4153.846153846154,Final payment for #994
2026-08-25,601,COST,300,Daily Overheads
2026-08-25,601,COST,4080,Daily Wages
2026-08-25,601,COST,20000,Reordered 8 m³ of American Walnut
2026-08-26,602,COST,300,Daily Overheads
2026-08-26,602,COST,4080,Daily Wages
2026-08-26,602,REVENUE,4938.461538461539,Deposit for #1009
2026-08-27,603,COST,300,Daily Overheads
2026-08-27,603,COST,4080,Daily Wages
2026-08-27,603,REVENUE,2619.2307692307695,Final payment for #1003
2026-08-28,604,COST,300,Daily Overheads
2026-08-28,604,COST,4080,Daily Wages
2026-08-29,605,COST,300,Daily Overheads
2026-08-29,605,COST,4080,Daily Wages
2026-08-30,606,COST,300,Daily Overheads
2026-08-30,606,COST,4080,Daily Wages
2026-08-30,606,REVENUE,4846.153846153846,Deposit for #1013
2026-08-30,606,REVENUE,6496.153846153846,Final payment for #1001
2026-08-31,607,COST,300,Daily Overheads
2026-08-31,607,COST,4080,Daily Wages
2026-08-31,607,REVENUE,5330.7692307692305,Deposit for #1015
2026-09-01,608,COST,300,Daily Overheads
2026-09-01,608,COST,4080,Daily Wages
2026-09-01,608,REVENUE,7625,Deposit for #1016
2026-09-02,609,COST,300,Daily Overheads
2026-09-02,609,COST,3720,Daily Wages
2026-09-02,609,REVENUE,5287.5,Deposit for #1019
2026-09-02,609,REVENUE,6888.461538461539,Final payment for #1005
2026-09-03,610,COST,300,Daily Overheads
2026-09-03,610,COST,3720,Daily Wages
2026-09-03,610,REVENUE,3425,Deposit for #1021
2026-09-03,610,COST,11200,Reordered 8 m³ of Victorian Ash
2026-09-04,611,COST,300,Daily Overheads
2026-09-04,611,COST,3720,Daily Wages
2026-09-04,611,REVENUE,4812.5,Deposit for #1022
2026-09-04,611,REVENUE,7412.5,Deposit for #1023
2026-09-05,612,COST,300,Daily Overheads
2026-09-05,612,COST,3720,Daily Wages
2026-09-05,612,REVENUE,3812.5,Deposit for #1025
2026-09-05,612,REVENUE,4938.461538461539,Final payment for #1009
2026-09-05,612,COST,12000,Reordered 10 m³ of Tasmanian Oak
2026-09-06,613,COST,300,Daily Overheads
2026-09-06,613,COST,3720,Daily Wages
2026-09-07,614,COST,300,Daily Overheads
2026-09-07,614,COST,3720,Daily Wages
2026-09-07,614,REVENUE,4425,Deposit for #1029
2026-09-08,615,COST,300,Daily Overheads
2026-09-08,615,COST,3720,Daily Wages
2026-09-08,615,REVENUE,2987.5,Deposit for #1030
2026-09-09,616,COST,300,Daily Overheads
2026-09-09,616,COST,3720,Daily Wages
2026-09-10,617,COST,300,Daily Overheads
2026-09-10,617,COST,3720,Daily Wages
2026-09-10,617,REVENUE,4900,Deposit for #1033
2026-09-10,617,REVENUE,3425,Final payment for #1021
2026-09-11,618,COST,300,Daily Overheads
2026-09-11,618,COST,3720,Daily Wages
2026-09-11,618,REVENUE,4846.153846153846,Final payment for #1013
2026-09-11,618,COST,11200,Reordered 8 m³ of Victorian Ash
2026-09-12,619,COST,300,Daily Overheads
2026-09-12,619,COST,4080,Daily Wages
2026-09-13,620,COST,300,Daily Overheads
2026-09-13,620,COST,4080,Daily Wages
2026-09-13,620,REVENUE,3812.5,Final payment for #1025
2026-09-14,621,COST,300,Daily Overheads
2026-09-14,621,COST,4080,Daily Wages
2026-09-14,621,REVENUE,5330.7692307692305,Final payment for #1015
2026-09-15,622,COST,300,Daily Overheads
2026-09-15,622,COST,4080,Daily Wages
2026-09-15,622,REVENUE,6103.846153846154,Deposit for #1043
2026-09-16,623,COST,300,Daily Overheads
2026-09-16,623,COST,4080,Daily Wages
2026-09-16,623,REVENUE,4938.461538461539,Deposit for #1045
2026-09-16,623,REVENUE,4812.5,Final payment for #1022
2026-09-17,624,COST,300,Daily Overheads
2026-09-17,624,COST,4080,Daily Wages
2026-09-17,624,REVENUE,6496.153846153846,Deposit for #1047
2026-09-17,624,REVENUE,5287.5,Final payment for #1019
2026-09-17,624,REVENUE,4425,Final payment for #1029
2026-09-18,625,COST,300,Daily Overheads
2026-09-18,625,COST,4080,Daily Wages
2026-09-18,625,REVENUE,2469.2307692307695,Deposit for #1050
2026-09-18,625,REVENUE,7625,Final payment for #1016
2026-09-18,625,REVENUE,2987.5,Final payment for #1030
2026-09-19,626,COST,300,Daily Overheads
2026-09-19,626,COST,4080,Daily Wages
2026-09-19,626,REVENUE,6103.846153846154,Deposit for #1051
2026-09-19,626,COST,20000,Reordered 8 m³ of American Walnut
2026-09-20,627,COST,300,Daily Overheads
2026-09-20,627,COST,4080,Daily Wages
2026-09-20,627,REVENUE,5238.461538461539,Deposit for #1052
2026-09-20,627,REVENUE,5238.461538461539,Deposit for #1053
2026-09-20,627,REVENUE,7412.5,Final payment for #1023
2026-09-21,628,COST,300,Daily Overheads
2026-09-21,628,COST,4080,Daily Wages
2026-09-21,628,REVENUE,4846.153846153846,Deposit for #1054
2026-09-22,629,COST,300,Daily Overheads
2026-09-22,629,COST,4080,Daily Wages
2026-09-22,629,REVENUE,6496.153846153846,Deposit for #1055
2026-09-22,629,REVENUE,4900,Final payment for #1033
2026-09-23,630,COST,300,Daily Overheads
2026-09-23,630,COST,4080,Daily Wages
2026-09-23,630,REVENUE,4846.153846153846,Deposit for #1057
2026-09-23,630,REVENUE,6888.461538461539,Deposit for #1058
2026-09-24,631,COST,300,Daily Overheads
2026-09-24,631,COST,4080,Daily Wages
2026-09-24,631,REVENUE,4153.846153846154,Deposit for #1059
2026-09-24,631,REVENUE,6103.846153846154,Final payment for #1043
2026-09-25,632,COST,300,Daily Overheads
2026-09-25,632,COST,4080,Daily Wages
2026-09-25,632,REVENUE,4453.846153846154,Deposit for #1060
2026-09-25,632,REVENUE,2469.2307692307695,Final payment for #1050
2026-09-25,632,COST,11200,Reordered 8 m³ of Victorian Ash
2026-09-26,633,COST,300,Daily Overheads
2026-09-26,633,COST,4080,Daily Wages
2026-09-26,633,REVENUE,4938.461538461539,Final payment for #1045
2026-09-26,633,COST,20000,Reordered 8 m³ of American Walnut
2026-09-27,634,COST,300,Daily Overheads
2026-09-27,634,COST,4080,Daily Wages
2026-09-28,635,COST,300,Daily Overheads
2026-09-28,635,COST,4080,Daily Wages
2026-09-28,635,REVENUE,6888.461538461539,Deposit for #1066
2026-09-29,636,COST,300,Daily Overheads
2026-09-29,636,COST,4080,Daily Wages
2026-09-29,636,REVENUE,6496.153846153846,Final payment for #1047
2026-09-30,637,COST,300,Daily Overheads
2026-09-30,637,COST,4080,Daily Wages
2026-09-30,637,REVENUE,4453.846153846154,Deposit for #1069
2026-09-30,637,REVENUE,6103.846153846154,Final payment for #1051
2026-09-30,637,REVENUE,5238.461538461539,Final payment for #1052
2026-10-01,638,COST,300,Daily Overheads
2026-10-01,638,COST,4080,Daily Wages
2026-10-01,638,REVENUE,5238.461538461539,Final payment for #1053
2026-10-02,639,COST,300,Daily Overheads
2026-10-02,639,COST,4080,Daily Wages
2026-10-02,639,REVENUE,3836.538461538462,Deposit for #1072
2026-10-03,640,COST,300,Daily Overheads
2026-10-03,640,COST,4080,Daily Wages
2026-10-04,641,COST,300,Daily Overheads
2026-10-04,641,COST,4080,Daily Wages
2026-10-04,641,REVENUE,5330.7692307692305,Deposit for #1077
2026-10-04,641,REVENUE,4846.153846153846,Final payment for #1054
2026-10-05,642,COST,300,Daily Overheads
2026-10-05,642,COST,4080,Daily Wages
2026-10-05,642,REVENUE,4453.846153846154,Deposit for #1080
2026-10-05,642,REVENUE,6496.153846153846,Final payment for #1055
2026-10-05,642,REVENUE,4846.153846153846,Final payment for #1057
2026-10-05,642,REVENUE,6888.461538461539,Final payment for #1058
2026-10-06,643,COST,300,Daily Overheads
2026-10-06,643,COST,4080,Daily Wages
2026-10-06,643,REVENUE,6888.461538461539,Deposit for #1081
2026-10-06,643,REVENUE,4153.846153846154,Final payment for #1059
2026-10-07,644,COST,300,Daily Overheads
2026-10-07,644,COST,4080,Daily Wages
2026-10-07,644,REVENUE,4453.846153846154,Final payment for #1060
2026-10-07,644,COST,12000,Reordered 10 m³ of Tasmanian Oak
2026-10-08,645,COST,300,Daily Overheads
2026-10-08,645,COST,4080,Daily Wages
2026-10-09,646,COST,300,Daily Overheads
2026-10-09,646,COST,4080,Daily Wages
2026-10-09,646,REVENUE,6496.153846153846,Deposit for #1087
2026-10-09,646,REVENUE,6888.461538461539,Final payment for #1066
2026-10-10,647,COST,300,Daily Overheads
2026-10-10,647,COST,4080,Daily Wages
2026-10-10,647,REVENUE,4153.846153846154,Deposit for #1089
2026-10-11,648,COST,300,Daily Overheads
2026-10-11,648,COST,4080,Daily Wages
2026-10-11,648,REVENUE,9940.384615384615,Deposit for #1091
2026-10-11,648,REVENUE,6103.846153846154,Deposit for #1093
2026-10-11,648,REVENUE,4453.846153846154,Final payment for #1069
2026-10-11,648,REVENUE,3836.538461538462,Final payment for #1072
2026-10-12,649,COST,300,Daily Overheads
2026-10-12,649,COST,4080,Daily Wages
2026-10-12,649,REVENUE,6888.461538461539,Deposit for #1094
2026-10-13,650,COST,300,Daily Overheads
2026-10-13,650,COST,4080,Daily Wages
2026-10-13,650,COST,20000,Reordered 8 m³ of American Walnut
2026-10-14,651,COST,300,Daily Overheads
2026-10-14,651,COST,4080,Daily Wages
2026-10-15,652,COST,300,Daily Overheads
2026-10-15,652,COST,4080,Daily Wages
2026-10-15,652,REVENUE,4938.461538461539,Deposit for #1101
2026-10-15,652,REVENUE,4453.846153846154,Final payment for #1080
2026-10-16,653,COST,300,Daily Overheads
2026-10-16,653,COST,4080,Daily Wages
2026-10-17,654,COST,300,Daily Overheads
2026-10-17,654,COST,4080,Daily Wages
2026-10-17,654,REVENUE,6496.153846153846,Deposit for #1105
2026-10-17,654,REVENUE,6888.461538461539,Final payment for #1081
2026-10-18,655,COST,300,Daily Overheads
2026-10-18,655,COST,4080,Daily Wages
2026-10-18,655,REVENUE,5330.7692307692305,Deposit for #1107
2026-10-19,656,COST,300,Daily Overheads
2026-10-19,656,COST,4080,Daily Wages
2026-10-19,656,REVENUE,4453.846153846154,Deposit for #1109
2026-10-19,656,REVENUE,5330.7692307692305,Final payment for #1077
2026-10-19,656,REVENUE,4153.846153846154,Final payment for #1089
2026-10-19,656,COST,20000,Reordered 8 m³ of American Walnut
2026-10-20,657,COST,300,Daily Overheads
2026-10-20,657,COST,4080,Daily Wages
2026-10-20,657,REVENUE,6496.153846153846,Final payment for #1087
2026-10-21,658,COST,300,Daily Overheads
2026-10-21,658,COST,4080,Daily Wages
2026-10-21,658,REVENUE,6103.846153846154,Final payment for #1093
2026-10-21,658,COST,11200,Reordered 8 m³ of Victorian Ash
2026-10-22,659,COST,300,Daily Overheads
2026-10-22,659,COST,4080,Daily Wages
2026-10-22,659,REVENUE,6888.461538461539,Final payment for #1094
2026-10-23,660,COST,300,Daily Overheads
2026-10-23,660,COST,4080,Daily Wages
2026-10-23,660,REVENUE,4453.846153846154,Deposit for #1119
2026-10-24,661,COST,300,Daily Overheads
2026-10-24,661,COST,4080,Daily Wages
2026-10-25,662,COST,300,Daily Overheads
2026-10-25,662,COST,4080,Daily Wages
2026-10-26,663,COST,300,Daily Overheads
2026-10-26,663,COST,4080,Daily Wages
2026-10-27,664,COST,300,Daily Overheads
2026-10-27,664,COST,4080,Daily Wages
2026-10-27,664,REVENUE,7280.7692307692305,Deposit for #1126
2026-10-27,664,REVENUE,9940.384615384615,Final payment for #1091
2026-10-27,664,REVENUE,6496.153846153846,Final payment for #1105
2026-10-28,665,COST,300,Daily Overheads
2026-10-28,665,COST,4080,Daily Wages
2026-10-28,665,REVENUE,4453.846153846154,Deposit for #1129
2026-10-28,665,REVENUE,4453.846153846154,Deposit for #1130
2026-10-29,666,COST,300,Daily Overheads
2026-10-29,666,COST,4080,Daily Wages
2026-10-29,666,REVENUE,4153.846153846154,Deposit for #1133
2026-10-29,666,REVENUE,4938.461538461539,Final payment for #1101
2026-10-29,666,REVENUE,4453.846153846154,Final payment for #1109
2026-10-30,667,COST,300,Daily Overheads
2026-10-30,667,COST,4080,Daily Wages
2026-10-30,667,REVENUE,4153.846153846154,Deposit for #1136
2026-10-30,667,COST,11200,Reordered 8 m³ of Victorian Ash
2026-10-31,668,COST,300,Daily Overheads
2026-10-31,668,COST,4080,Daily Wages
2026-10-31,668,COST,12000,Reordered 10 m³ of Tasmanian Oak
2026-11-01,669,COST,300,Daily Overheads
2026-11-01,669,COST,4080,Daily Wages
2026-11-01,669,REVENUE,3011.538461538462,Deposit for #1140
2026-11-01,669,REVENUE,5330.7692307692305,Final payment for #1107
2026-11-02,670,COST,300,Daily Overheads
2026-11-02,670,COST,4080,Daily Wages
2026-11-02,670,REVENUE,6103.846153846154,Deposit for #1142
2026-11-03,671,COST,300,Daily Overheads
2026-11-03,671,COST,4080,Daily Wages
2026-11-03,671,REVENUE,3836.538461538462,Deposit for #1145
2026-11-03,671,REVENUE,4453.846153846154,Final payment for #1119
2026-11-04,672,COST,300,Daily Overheads
2026-11-04,672,COST,4080,Daily Wages
2026-11-04,672,REVENUE,5630.7692307692305,Deposit for #1146
2026-11-04,672,REVENUE,7673.076923076924,Deposit for #1147
2026-11-05,673,COST,300,Daily Overheads
2026-11-05,673,COST,4080,Daily Wages
2026-11-05,673,REVENUE,5238.461538461539,Deposit for #1149
2026-11-06,674,COST,300,Daily Overheads
2026-11-06,674,COST,4080,Daily Wages
2026-11-07,675,COST,300,Daily Overheads
2026-11-07,675,COST,4080,Daily Wages
2026-11-07,675,REVENUE,4938.461538461539,Deposit for #1155
2026-11-07,675,REVENUE,4453.846153846154,Final payment for #1129
2026-11-07,675,REVENUE,4453.846153846154,Final payment for #1130
2026-11-07,675,REVENUE,4153.846153846154,Final payment for #1133
2026-11-08,676,COST,300,Daily Overheads
2026-11-08,676,COST,4080,Daily Wages
2026-11-08,676,REVENUE,4546.153846153846,Deposit for #1156
2026-11-08,676,REVENUE,4153.846153846154,Final payment for #1136
2026-11-09,677,COST,300,Daily Overheads
2026-11-09,677,COST,4080,Daily Wages
2026-11-09,677,REVENUE,4938.461538461539,Deposit for #1159
2026-11-10,678,COST,300,Daily Overheads
2026-11-10,678,COST,4080,Daily Wages
2026-11-10,678,REVENUE,6496.153846153846,Deposit for #1161
2026-11-10,678,REVENUE,5630.7692307692305,Deposit for #1162
2026-11-10,678,REVENUE,7280.7692307692305,Final payment for #1126
2026-11-11,679,COST,300,Daily Overheads
2026-11-11,679,COST,4080,Daily Wages
2026-11-11,679,REVENUE,4546.153846153846,Deposit for #1163
2026-11-11,679,REVENUE,3011.538461538462,Final payment for #1140
2026-11-11,679,REVENUE,6103.846153846154,Final payment for #1142
2026-11-12,680,COST,300,Daily Overheads
2026-11-12,680,COST,4080,Daily Wages
2026-11-12,680,REVENUE,5630.7692307692305,Deposit for #1166
2026-11-12,680,REVENUE,3836.538461538462,Final payment for #1145
2026-11-12,680,COST,20000,Reordered 8 m³ of American Walnut
2026-11-13,681,COST,300,Daily Overheads
2026-11-13,681,COST,4080,Daily Wages
2026-11-13,681,REVENUE,2861.538461538462,Deposit for #1168
2026-11-14,682,COST,300,Daily Overheads
2026-11-14,682,COST,4080,Daily Wages
2026-11-14,682,REVENUE,5238.461538461539,Deposit for #1171
2026-11-15,683,COST,300,Daily Overheads
2026-11-15,683,COST,4080,Daily Wages
2026-11-15,683,REVENUE,3011.538461538462,Deposit for #1174
2026-11-16,684,COST,300,Daily Overheads
2026-11-16,684,COST,4080,Daily Wages
2026-11-16,684,REVENUE,5238.461538461539,Final payment for #1149
2026-11-16,684,COST,12000,Reordered 10 m³ of Tasmanian Oak
2026-11-17,685,COST,300,Daily Overheads
2026-11-17,685,COST,4080,Daily Wages
2026-11-17,685,REVENUE,6888.461538461539,Deposit for #1178
2026-11-18,686,COST,300,Daily Overheads
2026-11-18,686,COST,4080,Daily Wages
2026-11-19,687,COST,300,Daily Overheads
2026-11-19,687,COST,4080,Daily Wages
2026-11-19,687,REVENUE,5630.7692307692305,Final payment for #1146
2026-11-19,687,REVENUE,7673.076923076924,Final payment for #1147
2026-11-19,687,REVENUE,4938.461538461539,Final payment for #1155
2026-11-19,687,COST,11200,Reordered 8 m³ of Victorian Ash
2026-11-20,688,COST,300,Daily Overheads
2026-11-20,688,COST,4080,Daily Wages
2026-11-20,688,REVENUE,7673.076923076924,Deposit for #1185
2026-11-20,688,REVENUE,4546.153846153846,Final payment for #1156
2026-11-20,688,REVENUE,6496.153846153846,Final payment for #1161
2026-11-21,689,COST,300,Daily Overheads
2026-11-21,689,COST,4080,Daily Wages
2026-11-21,689,REVENUE,4938.461538461539,Final payment for #1159
2026-11-22,690,COST,300,Daily Overheads
2026-11-22,690,COST,3720,Daily Wages
2026-11-23,691,COST,300,Daily Overheads
2026-11-23,691,COST,3720,Daily Wages
2026-11-23,691,REVENUE,7412.5,Deposit for #1192
2026-11-23,691,REVENUE,2837.5,Deposit for #1194
2026-11-24,692,COST,300,Daily Overheads
2026-11-24,692,COST,3720,Daily Wages
2026-11-24,692,REVENUE,7625,Deposit for #1196
2026-11-24,692,REVENUE,5630.7692307692305,Final payment for #1162
2026-11-24,692,REVENUE,4546.153846153846,Final payment for #1163
2026-11-25,693,COST,300,Daily Overheads
2026-11-25,693,COST,3720,Daily Wages
2026-11-25,693,REVENUE,5975,Deposit for #1198
2026-11-26,694,COST,300,Daily Overheads
2026-11-26,694,COST,3720,Daily Wages
2026-11-27,695,COST,300,Daily Overheads
2026-11-27,695,COST,3720,Daily Wages
2026-11-27,695,REVENUE,4125,Deposit for #1203
2026-11-27,695,REVENUE,2861.538461538462,Final payment for #1168
2026-11-27,695,REVENUE,5238.461538461539,Final payment for #1171
2026-11-28,696,COST,300,Daily Overheads
2026-11-28,696,COST,3720,Daily Wages
2026-11-28,696,REVENUE,7412.5,Deposit for #1204
2026-11-28,696,REVENUE,3011.538461538462,Final payment for #1174
2026-11-29,697,COST,300,Daily Overheads
2026-11-29,697,COST,3720,Daily Wages
2026-11-29,697,REVENUE,6075,Deposit for #1206
2026-11-29,697,REVENUE,6888.461538461539,Final payment for #1178
2026-11-29,697,COST,11200,Reordered 8 m³ of Victorian Ash
2026-11-30,698,COST,300,Daily Overheads
2026-11-30,698,COST,3720,Daily Wages
2026-11-30,698,REVENUE,4546.153846153846,Deposit for #1209
2026-11-30,698,REVENUE,5630.7692307692305,Final payment for #1166
2026-12-01,699,COST,300,Daily Overheads
2026-12-01,699,COST,4080,Daily Wages
2026-12-01,699,REVENUE,6023.076923076924,Deposit for #1210
2026-12-01,699,REVENUE,5238.461538461539,Deposit for #1211
2026-12-01,699,COST,20000,Reordered 8 m³ of American Walnut
2026-12-02,700,COST,300,Daily Overheads
2026-12-02,700,COST,4080,Daily Wages
2026-12-02,700,REVENUE,2469.2307692307695,Deposit for #1212
2026-12-03,701,COST,300,Daily Overheads
2026-12-03,701,COST,4080,Daily Wages
2026-12-03,701,REVENUE,4846.153846153846,Deposit for #1215
2026-12-03,701,REVENUE,2837.5,Final payment for #1194
2026-12-04,702,COST,300,Daily Overheads
2026-12-04,702,COST,4080,Daily Wages
2026-12-04,702,REVENUE,7280.7692307692305,Deposit for #1217
2026-12-05,703,COST,300,Daily Overheads
2026-12-05,703,COST,4080,Daily Wages
2026-12-05,703,REVENUE,7280.7692307692305,Deposit for #1219
2026-12-06,704,COST,300,Daily Overheads
2026-12-06,704,COST,4080,Daily Wages
2026-12-06,704,REVENUE,5630.7692307692305,Deposit for #1220
2026-12-06,704,REVENUE,7673.076923076924,Final payment for #1185
2026-12-06,704,REVENUE,4125,Final payment for #1203
2026-12-07,705,COST,300,Daily Overheads
2026-12-07,705,COST,4080,Daily Wages
2026-12-07,705,REVENUE,6888.461538461539,Deposit for #1222
2026-12-08,706,COST,300,Daily Overheads
2026-12-08,706,COST,4080,Daily Wages
2026-12-08,706,REVENUE,2619.2307692307695,Deposit for #1224
2026-12-08,706,REVENUE,4938.461538461539,Deposit for #1225
2026-12-08,706,REVENUE,6075,Final payment for #1206
2026-12-08,706,COST,11200,Reordered 8 m³ of Victorian Ash
2026-12-09,707,COST,300,Daily Overheads
2026-12-09,707,COST,4080,Daily Wages
2026-12-09,707,REVENUE,5630.7692307692305,Deposit for #1226
2026-12-09,707,REVENUE,6023.076923076924,Deposit for #1227
2026-12-10,708,COST,300,Daily Overheads
2026-12-10,708,COST,4080,Daily Wages
2026-12-10,708,REVENUE,4846.153846153846,Deposit for #1229
2026-12-11,709,COST,300,Daily Overheads
2026-12-11,709,COST,4080,Daily Wages
2026-12-11,709,REVENUE,7412.5,Final payment for #1192
2026-12-12,710,COST,300,Daily Overheads
2026-12-12,710,COST,4080,Daily Wages
2026-12-12,710,REVENUE,4938.461538461539,Deposit for #1231
2026-12-12,710,REVENUE,5975,Final payment for #1198
2026-12-12,710,REVENUE,4546.153846153846,Final payment for #1209
2026-12-13,711,COST,300,Daily Overheads
2026-12-13,711,COST,4080,Daily Wages
2026-12-13,711,REVENUE,3444.2307692307695,Deposit for #1233
2026-12-13,711,REVENUE,2469.2307692307695,Final payment for #1212
2026-12-14,712,COST,300,Daily Overheads
2026-12-14,712,COST,4080,Daily Wages
2026-12-14,712,REVENUE,7412.5,Final payment for #1204
2026-12-15,713,COST,300,Daily Overheads
2026-12-15,713,COST,4080,Daily Wages
2026-12-15,713,REVENUE,5238.461538461539,Deposit for #1237
2026-12-16,714,COST,300,Daily Overheads
2026-12-16,714,COST,4080,Daily Wages
2026-12-17,715,COST,300,Daily Overheads
2026-12-17,715,COST,4080,Daily Wages
2026-12-17,715,REVENUE,4546.153846153846,Deposit for #1239
2026-12-18,716,COST,300,Daily Overheads
2026-12-18,716,COST,4080,Daily Wages
2026-12-18,716,REVENUE,9940.384615384615,Deposit for #1241
2026-12-18,716,REVENUE,2861.538461538462,Deposit for #1242
2026-12-18,716,REVENUE,6862.5,Final payment for #1196 (10% late penalty applied)
2026-12-18,716,REVENUE,5238.461538461539,Final payment for #1211
2026-12-19,717,COST,300,Daily Overheads
2026-12-19,717,COST,4080,Daily Wages
2026-12-19,717,REVENUE,6103.846153846154,Deposit for #1243
2026-12-19,717,REVENUE,6023.076923076924,Final payment for #1210
2026-12-20,718,COST,300,Daily Overheads
2026-12-20,718,COST,4080,Daily Wages
2026-12-20,718,REVENUE,4453.846153846154,Deposit for #1245
2026-12-21,719,COST,300,Daily Overheads
2026-12-21,719,COST,4080,Daily Wages
2026-12-21,719,REVENUE,4361.538461538461,Final payment for #1215 (10% late penalty applied)
2026-12-21,719,COST,11200,Reordered 8 m³ of Victorian Ash
2026-12-22,720,COST,300,Daily Overheads
2026-12-22,720,COST,4080,Daily Wages
2026-12-22,720,REVENUE,5238.461538461539,Deposit for #1250
2026-12-23,721,COST,300,Daily Overheads
2026-12-23,721,COST,4080,Daily Wages
2026-12-23,721,REVENUE,6023.076923076924,Deposit for #1251
2026-12-23,721,REVENUE,2861.538461538462,Deposit for #1252
2026-12-23,721,REVENUE,7280.7692307692305,Final payment for #1217
2026-12-23,721,REVENUE,2357.3076923076924,Final payment for #1224 (10% late penalty applied)
2026-12-23,721,COST,12000,Reordered 10 m³ of Tasmanian Oak
2026-12-24,722,COST,300,Daily Overheads
2026-12-24,722,COST,4080,Daily Wages
2026-12-24,722,REVENUE,7280.7692307692305,Final payment for #1219
2026-12-24,722,REVENUE,6888.461538461539,Final payment for #1222
2026-12-24,722,COST,20000,Reordered 8 m³ of American Walnut
2026-12-25,723,COST,300,Daily Overheads
2026-12-25,723,COST,4080,Daily Wages
2026-12-25,723,REVENUE,6888.461538461539,Deposit for #1254
2026-12-25,723,REVENUE,4546.153846153846,Deposit for #1255
2026-12-25,723,REVENUE,5630.7692307692305,Final payment for #1220
2026-12-26,724,COST,300,Daily Overheads
2026-12-26,724,COST,4080,Daily Wages
2026-12-26,724,REVENUE,5723.076923076924,Deposit for #1256
2026-12-26,724,REVENUE,4153.846153846154,Deposit for #1257
2026-12-27,725,COST,300,Daily Overheads
2026-12-27,725,COST,4080,Daily Wages
2026-12-27,725,REVENUE,4546.153846153846,Deposit for #1258
2026-12-27,725,REVENUE,4444.615384615385,Final payment for #1225 (10% late penalty applied)
2026-12-28,726,COST,300,Daily Overheads
2026-12-28,726,COST,4080,Daily Wages
2026-12-29,727,COST,300,Daily Overheads
2026-12-29,727,COST,4080,Daily Wages
2026-12-29,727,REVENUE,6888.461538461539,Deposit for #1260
2026-12-29,727,REVENUE,3099.8076923076924,Final payment for #1233 (10% late penalty applied)
2026-12-30,728,COST,300,Daily Overheads
2026-12-30,728,COST,4080,Daily Wages
2026-12-30,728,REVENUE,5238.461538461539,Deposit for #1262
2026-12-30,728,REVENUE,5630.7692307692305,Final payment for #1226
2026-12-31,729,COST,300,Daily Overheads
2026-12-31,729,COST,4080,Daily Wages
2027-01-01,730,COST,300,Daily Overheads
2027-01-01,730,COST,4080,Daily Wages
2027-01-01,730,REVENUE,5420.769230769231,Final payment for #1227 (10% late penalty applied)
2027-01-01,730,REVENUE,4361.538461538461,Final payment for #1229 (10% late penalty applied)
2027-01-01,730,COST,11200,Reordered 8 m³ of Victorian Ash